"category","place","name","address","latitude","longitude","website_address","telephone","monday_hours","tuesday_hours","wednesday_hours","thursday_hours","friday_hours","saturday_hours","sunday_hours","hours_source_url","hours_checked_on","hours_notes"
"BBQ Restaurant","Winner","Monk’s BBQ","251 N 21st St, Purcellville, VA 20132","39.13925","-77.71798","https://monksq.com/","(540) 751-9425","17:00-21:00","11:30-22:00","11:30-22:00","11:30-22:00","11:30-00:00 (+1 day)","11:30-00:00 (+1 day)","11:30-21:00","https://monksq.com/","2026-10-06",""
"BBQ Restaurant","Finalist","Big Kyle Barbecue","Atwater Dr, One Loudoun, VA 20147","39.05681","-77.46577","https://bigkylebbq.com/","(301) 512-4925","","","","","","","","","2026-10-06","No reliable branch-specific weekly schedule verified from the supplied website in this pass."
"BBQ Restaurant","Finalist","ResQ BBQ","528 B E Market St, Leesburg, VA 20176","39.10093","-77.53805","https://resq-bbq.com/","(703) 857-0357","11:00-21:00","11:00-21:00","11:00-21:00","11:00-21:00","11:00-21:00","11:00-21:00","11:00-21:00","https://resq-bbq.com/","2026-10-06",""
"BBQ Restaurant","Top 5","Hammerdown Barbecue","41153 Little River Tpke, Aldie, VA 20105","38.96784","-77.61928","https://hammerdownbbq.com/","(703) 542-8692","","","11:00-19:00","11:00-19:00","11:00-19:00","11:00-19:00","11:00-19:00","https://hammerdownbbq.com/","2026-10-06","May close early when sold out. Monday and Tuesday are not explicitly specified."
"BBQ Restaurant","Top 5","Smokin Willy BBQ and Grill","201 N Maple Ave, Purcellville, VA 20132","39.13844","-77.70602","https://www.smokinwilly.com/","(540) 441-7081","11:00-20:30","11:00-20:30","11:00-20:30","11:00-20:30","11:00-21:00","11:00-21:00","11:00-20:30","https://www.smokinwilly.com/contact-us.php","2026-10-06",""
"Bakery/Pastries/Cupcakes","Winner","Mom's Apple Pie Company","220 Loudoun St, Leesburg, VA 20175","39.11312","-77.56047","https://www.momsapplepieco.com/","(703) 771-8590","11:00-18:00","11:00-18:00","11:00-18:00","11:00-18:00","11:00-18:00","11:00-18:00","11:00-17:00","https://www.momsapplepieco.com/locations","2026-10-06",""
"Bakery/Pastries/Cupcakes","Finalist","Dolce & Ciabatta","9 H Catoctin Cir, Leesburg, VA 20175","39.10748","-77.55872","https://www.dolceciabatta.com/","(703) 480-1178","07:00-15:00","07:00-15:00","07:00-15:00","07:00-15:00","07:00-15:00","08:00-17:00","08:00-15:00","https://www.dolceciabatta.com/","2026-10-06",""
"Bakery/Pastries/Cupcakes","Finalist","South Street Under","203 Harrison St, Leesburg, VA 20175","39.11269","-77.56271","https://www.southstreetunder.com/","(703) 771-9610","07:00-17:00","07:00-17:00","07:00-17:00","07:00-17:00","07:00-17:00","08:00-17:00","08:00-17:00","https://www.southstreetunder.com/","2026-10-06","Uses bakery/deli hours at top of page; footer and structured data describe Tuscarora Mill and are not used."
"Bakery/Pastries/Cupcakes","Top 5","Brew Birds","42020 Village Center Plz, Aldie, VA 20105","38.93961","-77.54765","https://www.brewbirdscafe.com/","(703) 327-8702","08:00-19:00","08:00-19:00","08:00-19:00","08:00-19:00","08:00-21:00","09:00-21:00","09:00-16:00","https://www.brewbirdscafe.com/","2026-10-06",""
"Bakery/Pastries/Cupcakes","Top 5","The Difference Baker","20937 Ashburn Rd Ste 130, Ashburn, VA 20147","39.039","-77.487","https://thedifferencebaker.com/","(571) 831-3988","","","","","","","","","2026-10-06","No reliable branch-specific weekly schedule verified from the supplied website in this pass."
"Breakfast/Brunch","Winner","Bkd. Bagels","105 S King St, Leesburg, VA 20175","39.11399","-77.56546","https://www.bkdbagels.com/","(571) 440-4282","","","","","","","","","2026-10-06","Info page returned no readable weekly schedule for the 105 S King Street location."
"Breakfast/Brunch","Finalist","Blue Ridge Grill","44065 Ashburn Shopping Plz, Ashburn, VA 20147","39.04287","-77.47545","https://brgrill.com/","703.729.0100","11:00-21:30","11:00-21:30","11:00-21:30","11:00-21:30","11:00-22:00","11:00-22:00","10:00-21:00","https://brgrill.com/ashburn/","2026-10-06",""
"Breakfast/Brunch","Finalist","Buford's Biscuits","7 W Market St, Leesburg, VA 20176","39.1155","-77.5651","https://www.bufordsbiscuits.com/","(703) 687-7699","","","","08:00-14:00","08:00-14:00","08:00-14:00","09:00-14:00","https://www.bufordsbiscuits.com/location/bufords-biscuits/","2026-10-06","Only Thursday through Sunday are explicitly published; other days remain unknown."
"Breakfast/Brunch","Top 5","Joe's Cafe","45665 W Church Rd, Sterling, VA 20164","39.00503","-77.42717","https://joescafesterling.com/","(703) 444-1118","","","","","","","","","2026-10-06","No reliable branch-specific weekly schedule verified from the supplied website in this pass."
"Breakfast/Brunch","Top 5","Spanky's Shenanigans","538 E Market St, Leesburg, VA 20176","39.10859","-77.55146","https://www.spankyspub.com/","(703) 777-2454","","","","","","","","","2026-10-06","No reliable branch-specific weekly schedule verified from the supplied website in this pass."
"Business Lunch Spot","Winner","Blue Ridge Grill ","44065 Ashburn Shopping Plaza, Ashburn, VA 20147","39.04287","-77.47545","https://brgrill.com/","(703) 729-0100","","","","","","","","","2026-10-06","No reliable branch-specific weekly schedule verified from the supplied website in this pass."
"Business Lunch Spot","Winner","Blue Ridge Grill ","22865 Brambleton Plaza Brambleton, VA 20148","38.98468","-77.53699","https://brgrill.com/","(703) 327-1047","","","","","","","","","2026-10-06","No reliable branch-specific weekly schedule verified from the supplied website in this pass."
"Business Lunch Spot","Winner","Blue Ridge Grill ","955 Edwards Ferry Rd, Leesburg, VA 20176","39.11388","-77.52317","https://brgrill.com/","(703) 669-5505","","","","","","","","","2026-10-06","No reliable branch-specific weekly schedule verified from the supplied website in this pass."
"Business Lunch Spot","Finalist","Magnolias at the Mill","198 N 21st St, Purcellville, VA 20132","39.13834","-77.71565","https://www.magnoliasmill.com/","540-338–9800","11:00-21:00","11:00-21:00","11:00-21:00","11:00-21:00","11:00-22:00","11:00-22:00","11:00-21:00","https://www.magnoliasmill.com/","2026-10-06",""
"Business Lunch Spot","Finalist","Tuscarora Mill (Tuskie's)","203 Harrison St, Leesburg, VA 20175","39.11269","-77.56271","https://www.tuskies.com/","(703) 771-9300","11:00-22:00","11:00-22:00","11:00-22:00","11:00-22:00","11:00-23:00","11:00-23:00","10:00-21:00","https://www.tuskies.com/","2026-10-06",""
"Business Lunch Spot","Top 5","Ahso","22855 Brambleton Plaza Suite 108, Brambleton, VA 20148","38.98489","-77.53685","https://www.ahsoresto.com/","703-327-6600","16:00-21:00","16:00-21:00","16:00-21:00","16:00-21:00","16:00-22:00","11:00-14:30; 17:00-22:00","11:00-14:30; 17:00-21:00","https://www.ahsoresto.com/about","2026-10-06","Includes weekday happy hour 16:00-18:00 and dinner 17:00 onward; weekend brunch and dinner are separate."
"Business Lunch Spot","Top 5","Clyde's at Willow Creek Farm","42920 Broadlands Blvd, Broadlands, VA 20148","39.03212","-77.51664","https://www.clydes.com/location/clydes-willow-creek-farm","(571) 209-1200","11:00-00:30 (+1 day)","11:00-00:30 (+1 day)","11:00-00:30 (+1 day)","11:00-00:30 (+1 day)","11:00-00:30 (+1 day)","10:00-00:30 (+1 day)","10:00-00:30 (+1 day)","https://www.clydes.com/location/clydes-willow-creek-farm","2026-10-06","Venue hours. Kitchen closes at midnight; Richmond House has a separate schedule."
"Cajun/Creole/Louisiana Cuisine","Winner","King Street Oyster Bar","12 S King St, Leesburg, VA 20175","39.11502","-77.56463","https://www.kingstreetoysterbar.com/","(571) 442-8068","","","","","","","","","2026-10-06","No reliable branch-specific weekly schedule verified from the supplied website in this pass."
"Cajun/Creole/Louisiana Cuisine","Finalist","Bilstad's Beignets","20937 Ashburn Rd Ste 150, Ashburn, VA 20147","39.039","-77.487","https://bilstadsbeignets.com/","(703) 483-2417","Closed","Closed","Closed","Closed","Closed","Closed","Closed","https://bilstadsbeignets.com/","2026-10-06","Official website states permanently closed. Award row retained for historical guide membership."
"Cajun/Creole/Louisiana Cuisine","Finalist","Blue Ridge Grill","44065 Ashburn Shopping Plz, Ashburn, VA 20147","39.04287","-77.47545","https://brgrill.com/","703.729.0100","11:00-21:30","11:00-21:30","11:00-21:30","11:00-21:30","11:00-22:00","11:00-22:00","10:00-21:00","https://brgrill.com/ashburn/","2026-10-06",""
"Cajun/Creole/Louisiana Cuisine","Top 5","The Bungalow Lakehouse","46116 Lake Center Plaza, Sterling, VA 20165","39.03299","-77.40364","https://www.bungalowlakehouse.com/","(703) 430-7625","11:30-00:00 (+1 day)","11:30-00:00 (+1 day)","11:30-00:00 (+1 day)","11:30-00:00 (+1 day)","11:30-02:00 (+1 day)","11:30-02:00 (+1 day)","10:30-00:00 (+1 day)","https://www.bungalowlakehouse.com/","2026-10-06",""
"Catering Company","Winner","Big Kyle Barbecue","Atwater Dr, One Loudoun, VA 20147","39.05681","-77.46577","https://bigkylebbq.com/","(301) 512-4925","","","","","","","","","2026-10-06","No reliable branch-specific weekly schedule verified from the supplied website in this pass."
"Catering Company","Finalist","Monk’s BBQ","251 N 21st St, Purcellville, VA 20132","39.13925","-77.71798","https://monksq.com/","(540) 751-9425","17:00-21:00","11:30-22:00","11:30-22:00","11:30-22:00","11:30-00:00 (+1 day)","11:30-00:00 (+1 day)","11:30-21:00","https://monksq.com/","2026-10-06",""
"Catering Company","Finalist","Tuscarora Mill (Tuskie's)","203 Harrison St, Leesburg, VA 20175","39.11269","-77.56271","https://www.tuskies.com/","(703) 771-9300","11:00-22:00","11:00-22:00","11:00-22:00","11:00-22:00","11:00-23:00","11:00-23:00","10:00-21:00","https://www.tuskies.com/","2026-10-06",""
"Catering Company","Top 5","Blue Ridge Grill ","44065 Ashburn Shopping Plaza, Ashburn, VA 20147","39.04287","-77.47545","https://brgrill.com/","(703) 729-0100","","","","","","","","","2026-10-06","No reliable branch-specific weekly schedule verified from the supplied website in this pass."
"Catering Company","Top 5","Blue Ridge Grill ","22865 Brambleton Plaza Brambleton, VA 20148","38.98468","-77.53699","https://brgrill.com/","(703) 327-1047","","","","","","","","","2026-10-06","No reliable branch-specific weekly schedule verified from the supplied website in this pass."
"Catering Company","Top 5","Blue Ridge Grill ","955 Edwards Ferry Rd, Leesburg, VA 20176","39.11388","-77.52317","https://brgrill.com/","(703) 669-5505","","","","","","","","","2026-10-06","No reliable branch-specific weekly schedule verified from the supplied website in this pass."
"Chinese Restaurant","Winner","Jasmine Chinese Cuisine & Sushi","110 S St, Leesburg, VA 20175","39.11249","-77.56393","https://jasminecuisine.com/","(703) 737-2288","11:00-21:00","11:00-21:00","11:00-21:00","11:00-21:00","11:00-22:00","11:00-22:00","Closed","https://jasminecuisine.com/","2026-10-06",""
"Chinese Restaurant","Finalist","Chin-Chin Café","43930 Farmwell Hunt Plz 106, Ashburn, VA 20147","39.02355","-77.48088","https://www.chin-chincafe.com/","(703) 858-0515","10:30-21:30","10:30-21:30","10:30-21:30","10:30-21:30","10:30-22:30","11:00-22:30","11:00-21:30","https://www.chin-chincafe.com/contact.html","2026-10-06",""
"Chinese Restaurant","Finalist","China King's Restaurant","5 S King St, Leesburg, VA 20175","39.11526","-77.56479","https://chinakingtogo.com/","(703) 777-9831","","","","","","","","","2026-10-06","No reliable branch-specific weekly schedule verified from the supplied website in this pass."
"Chinese Restaurant","Top 5","Café Opera","42882 Truro Parish Dr Ste 104, Ashburn, VA 20148","39.01836","-77.5188","https://cafeoperava.com/","(703) 858-1441","11:00-21:00","11:00-21:00","11:00-21:00","11:00-21:00","11:00-21:30","12:00-21:30","12:00-21:00","https://cafeoperava.com/","2026-10-06",""
"Chinese Restaurant","Top 5","Pen's Oriental Kitchen","609 Z E Main St, Purcellville, VA 20132","39.13666","-77.71128","https://www.pensorientalkitchen.com/","(540) 338-1894","11:30-21:00","Closed","11:30-21:00","11:30-21:00","11:30-21:30","11:30-21:30","11:30-21:00","https://www.pensorientalkitchen.com/locationinfo","2026-10-06",""
"Coffee Shop","Winner","Trinity House Café + Market","101 East Market Street, Leesburg, VA 20176","39.1148","-77.56297","https://www.trinityhousecafe.com/","(703) 737-3721","08:00-15:00","08:00-15:00","08:00-15:00","08:00-15:00","08:00-15:00","08:00-17:00","","https://www.trinityhousecafe.com/","2026-10-06","Visible website schedule used instead of older conflicting structured data. Sunday not explicitly specified."
"Coffee Shop","Finalist","Doppio Bunny Coffee","550 E Main St, Purcellville, VA 20132","39.13627","-77.70645","https://www.facebook.com/doppiobunny/","(540) 692-5511","","","","","","","","","2026-10-06","No reliable branch-specific weekly schedule verified from the supplied website in this pass."
"Coffee Shop","Finalist","SimplyBe Coffee","208 Church Street, Leesburg, VA 20175","39.11299","-77.56382","https://www.tolministries.org/simplybe-coffee/","(540) 299-7560","08:00-15:00","08:00-15:00","08:00-15:00","08:00-15:00","08:00-15:00","09:00-15:00","","https://www.tolministries.org/simplybe-coffee/","2026-10-06","Leesburg branch. Sunday not explicitly specified."
"Coffee Shop","Top 5","Back Street Brews","11 E Pennsylvania Ave, Lovettsville, VA 20180","39.27306","-77.63762","https://www.facebook.com/backstreetbrews","(703) 945-9171","","","","","","","","","2026-10-06","No reliable branch-specific weekly schedule verified from the supplied website in this pass."
"Coffee Shop","Top 5","Goosecup Coffee & Bar","216 S King St, Leesburg, VA 20175","39.11261","-77.56562","http://goosecup.co/","(703) 760-3032","07:00-20:00","","07:00-20:00","07:00-20:00","07:00-22:00","07:00-22:00","07:00-20:00","https://www.goosecup.co/locations","2026-10-06","Tuesday conflicts: seasonal section says 07:00-15:00; homepage says 07:00-20:00. Tuesday left blank."
"Deli","Winner","South Street Under","203 Harrison St, Leesburg, VA 20175","39.11269","-77.56271","https://www.southstreetunder.com/","(703) 771-9610","07:00-17:00","07:00-17:00","07:00-17:00","07:00-17:00","07:00-17:00","08:00-17:00","08:00-17:00","https://www.southstreetunder.com/","2026-10-06","Uses bakery/deli hours at top of page; footer and structured data describe Tuscarora Mill and are not used."
"Deli","Finalist","Caffe Bottega Italiana","8 Fort Evans Road, Leesburg, VA 20176","39.10759","-77.54832","https://bottegaitalianacaffe.com/","703-443-4090","Closed","10:00-16:00","10:00-16:00","10:00-16:00","10:00-18:00","10:00-18:00","Closed","https://bottegaitalianacaffe.com/","2026-10-06",""
"Deli","Finalist","Puccio's New York Deli","211 Loudoun St, Leesburg, VA 20175","39.11914","-77.56786","http://www.puccios-deli.com/","(703) 779-7676","08:00-15:00","08:00-15:00","08:00-15:00","08:00-15:00","08:00-15:00","08:00-15:00","Closed","http://www.puccios-deli.com/","2026-10-06",""
"Deli","Top 5","Deli South","38 Catoctin Cir, Leesburg, VA 20175","39.10717","-77.56618","https://www.delisouth.com/","(703) 779-0590","06:30-15:00","06:30-15:00","06:30-15:00","06:30-15:00","06:30-16:00","06:30-16:00","Closed","https://www.delisouth.com/","2026-10-06",""
"Deli","Top 5","The Deli","19350 Diamond Lake Dr, Leesburg, VA 20176","39.08128","-77.49324","https://www.thedeli.com/","(571) 333-3305","","","","","","","","","2026-10-06","No reliable branch-specific weekly schedule verified from the supplied website in this pass."
"Dessert","Winner","Gruto's Soft Serve ","107 S King St, Leesburg, VA 20175","39.11386","-77.5654","https://grutos.com/","+1( 540) 3387276","12:00-21:00","12:00-21:00","12:00-21:00","12:00-21:00","12:00-22:00","12:00-22:00","14:00-21:00","https://grutos.com/locations/","2026-10-06",""
"Dessert","Winner","Gruto's Soft Serve","141 W Main St, Purcellville, VA 20132","39.13684","-77.71548","https://grutos.com/","+1(540) 3387276","","","","","","","","","2026-10-06","No reliable branch-specific weekly schedule verified from the supplied website in this pass."
"Dessert","Finalist","Mom's Apple Pie Company","220 Loudoun St, Leesburg, Virginia 20175","39.11312","-77.56047","https://www.momsapplepieco.com/","(703) 771-8590","11:00-18:00","11:00-18:00","11:00-18:00","11:00-18:00","11:00-18:00","11:00-18:00","11:00-17:00","https://www.momsapplepieco.com/locations","2026-10-06",""
"Dessert","Finalist","Mom's Apple Pie Company","35246 Leesburg Pike, Round Hill, Virginia 20141-3200","39.12787","-77.78729","https://www.momsapplepieco.com/","(540) 338-1800","11:00-18:00","11:00-18:00","11:00-18:00","11:00-18:00","11:00-18:00","11:00-18:00","11:00-17:00","https://www.momsapplepieco.com/locations","2026-10-06",""
"Dessert","Finalist","Tipped Cow Creamery","251 N 21st St, Purcellville, VA 20132","39.13925","-77.71798","https://www.tippedcowcreamery.com/","(540) 441-3835","","","","","","","","","2026-10-06","Official website only labels its schedule SPRING BREAK HOURS; not used as current October hours."
"Dessert","Top 5","Blue Ridge Grill","44065 Ashburn Shopping Plaza, Ashburn, VA 20147","39.04287","-77.47545","https://brgrill.com/","(703) 729-0100","11:00-21:30","11:00-21:30","11:00-21:30","11:00-21:30","11:00-22:00","11:00-22:00","10:00-21:00","https://brgrill.com/ashburn/","2026-10-06",""
"Dessert","Top 5","Blue Ridge Grill","22865 Brambleton Plaza Brambleton, VA 20148","38.98468","-77.53699","https://brgrill.com/","(703) 327-1047","11:00-21:30","11:00-21:30","11:00-21:30","11:00-21:30","11:00-22:00","11:00-22:00","10:00-21:00","https://brgrill.com/brambleton/","2026-10-06",""
"Dessert","Top 5","Blue Ridge Grill","955 Edwards Ferry Rd, Leesburg, VA 20176","39.11388","-77.52317","https://brgrill.com/","(703) 669-5505","11:00-21:30","11:00-21:30","11:00-21:30","11:00-21:30","11:00-22:00","11:00-22:00","10:00-21:00","https://brgrill.com/leesburg/","2026-10-06",""
"Dessert","Top 5","The Conche","1605 Village Market Blvd, Leesburg, VA 20175","39.08928","-77.52402","https://the-conche.com/","(703) 779-1800","16:00-20:00","16:00-20:00","16:00-20:00","16:00-20:00","16:00-21:00","11:00-14:00; 16:00-21:00","11:00-14:00; 16:00-20:00","https://the-conche.com/","2026-10-06",""
"Family Restaurant","Winner","Fire Works Pizza","201 Harrison Street, Leesburg, VA 20175","39.11288","-77.56285","https://www.fireworkspizza.com/","(703) 779-8400","","","","","","","","","2026-10-06","Official Leesburg site says open daily at 11:00 but does not publish a closing time."
"Family Restaurant","Finalist","Blue Ridge Grill ","44065 Ashburn Shopping Plaza, Ashburn, VA 20147","39.04287","-77.47545","https://brgrill.com/","(703) 729-0100","","","","","","","","","2026-10-06","No reliable branch-specific weekly schedule verified from the supplied website in this pass."
"Family Restaurant","Finalist","Blue Ridge Grill ","22865 Brambleton Plaza Brambleton, VA 20148","38.98468","-77.53699","https://brgrill.com/","(703) 327-1047","","","","","","","","","2026-10-06","No reliable branch-specific weekly schedule verified from the supplied website in this pass."
"Family Restaurant","Finalist","Blue Ridge Grill ","955 Edwards Ferry Rd, Leesburg, VA 20176","39.11388","-77.52317","https://brgrill.com/","(703) 669-5505","","","","","","","","","2026-10-06","No reliable branch-specific weekly schedule verified from the supplied website in this pass."
"Family Restaurant","Finalist","Solo NY Pizza","700 Fieldstone Dr, Leesburg, VA 20176","39.12544","-77.54761","https://solonypizza.com/","(571) 510-3909","11:00-21:00","11:00-21:00","11:00-21:00","11:00-21:00","11:00-22:00","11:00-22:00","Closed","https://solonypizza.com/","2026-10-06",""
"Family Restaurant","Top 5","American Legion Post 293","112 N 21st St, Purcellville, VA 20132","39.13802","-77.71575","https://www.vapost293.org/","(540) 338-0910","","","","","","","","","2026-10-06","No reliable branch-specific weekly schedule verified from the supplied website in this pass."
"Family Restaurant","Top 5","Oak And Ember Tasting Room and Market","39285 Little River Turnpike, Aldie, VA 20105","38.97626","-77.64577","https://www.oakandemberr.com/","(703) 574-9405","Closed","11:30-15:00","11:30-15:00; 17:00-20:30","11:30-15:00; 17:00-20:30","11:30-15:00; 17:00-21:30","11:30-15:00; 17:00-21:30","","https://www.oakandemberr.com/","2026-10-06","Sunday daytime text is incomplete (only 3:00 pm); Sunday left unknown, although dinner is listed 17:00-20:30. Ember Hour differs by page and is not used."
"Fine Dining Restaurant","Winner","Tuscarora Mill (Tuskie's)","203 Harrison St, Leesburg, VA 20175","39.11269","-77.56271","https://www.tuskies.com/","(703) 771-9300","11:00-22:00","11:00-22:00","11:00-22:00","11:00-22:00","11:00-23:00","11:00-23:00","10:00-21:00","https://www.tuskies.com/","2026-10-06",""
"Fine Dining Restaurant","Finalist","Ahso","22855 Brambleton Plz Suite 108, Brambleton, VA 20148","38.98489","-77.53685","https://www.ahsoresto.com/","703-327-6600","16:00-21:00","16:00-21:00","16:00-21:00","16:00-21:00","16:00-22:00","11:00-14:30; 17:00-22:00","11:00-14:30; 17:00-21:00","https://www.ahsoresto.com/about","2026-10-06","Includes weekday happy hour 16:00-18:00 and dinner 17:00 onward; weekend brunch and dinner are separate."
"Fine Dining Restaurant","Finalist","Magnolia's at The Mill","198 N 21st St, Purcellville, VA 20132","39.13834","-77.71565","https://www.magnoliasmill.com/","(540) 338–9800","","","","","","","","","2026-10-06","No reliable branch-specific weekly schedule verified from the supplied website in this pass."
"Fine Dining Restaurant","Top 5","Blue Ridge Grill","44065 Ashburn Shopping Plaza, Ashburn, VA 20147","39.04287","-77.47545","https://brgrill.com/","(703) 729-0100","11:00-21:30","11:00-21:30","11:00-21:30","11:00-21:30","11:00-22:00","11:00-22:00","10:00-21:00","https://brgrill.com/ashburn/","2026-10-06",""
"Fine Dining Restaurant","Top 5","Blue Ridge Grill","22865 Brambleton Plaza Brambleton, VA 20148","38.98468","-77.53699","https://brgrill.com/","(703) 327-1047","11:00-21:30","11:00-21:30","11:00-21:30","11:00-21:30","11:00-22:00","11:00-22:00","10:00-21:00","https://brgrill.com/brambleton/","2026-10-06",""
"Fine Dining Restaurant","Top 5","Blue Ridge Grill","955 Edwards Ferry Rd, Leesburg, VA 20176","39.11388","-77.52317","https://brgrill.com/","(703) 669-5505","11:00-21:30","11:00-21:30","11:00-21:30","11:00-21:30","11:00-22:00","11:00-22:00","10:00-21:00","https://brgrill.com/leesburg/","2026-10-06",""
"Fine Dining Restaurant","Top 5","Oak And Ember Tasting Room and Market","39285 Little River Turnpike, Aldie, VA 20105","38.97626","-77.64577","https://www.oakandemberr.com/","(703) 574-9405","Closed","11:30-15:00","11:30-15:00; 17:00-20:30","11:30-15:00; 17:00-20:30","11:30-15:00; 17:00-21:30","11:30-15:00; 17:00-21:30","","https://www.oakandemberr.com/","2026-10-06","Sunday daytime text is incomplete (only 3:00 pm); Sunday left unknown, although dinner is listed 17:00-20:30. Ember Hour differs by page and is not used."
"Food Truck","Winner","Big Kyle Barbecue","Atwater Dr, One Loudoun, VA 20147","39.05681","-77.46577","https://bigkylebbq.com/","(301) 512-4925","","","","","","","","","2026-10-06","No reliable branch-specific weekly schedule verified from the supplied website in this pass."
"Food Truck","Finalist","Ford's On The Road","19308 Promenade Dr, Leesburg, VA 20176","39.08231","-77.49541","https://fordsontheroad.com/","","","","","","","","","","2026-10-06","No reliable branch-specific weekly schedule verified from the supplied website in this pass."
"Food Truck","Finalist","MooThru","37098 Charles Town Pike, Hillsboro, VA 20132","39.19845","-77.7204","https://www.facebook.com/Moothruhillsboro","(833) 726-6748","","","","","","","","","2026-10-06","No reliable branch-specific weekly schedule verified from the supplied website in this pass."
"Food Truck","Top 5","La Selva Crepes & Coffee","39359 Little River Turnpike, Aldie, VA 20105","38.97616","-77.64462","https://www.laselvacoffeeco.com/menu","","","","","","","","","","2026-10-06","No reliable branch-specific weekly schedule verified from the supplied website in this pass."
"Food Truck","Top 5","ResQ BBQ Trailer","528 B E Market St, Leesburg, VA 20176","39.10093","-77.53805","https://resq-bbq.com/","(703) 857-0357","","","","","","","","","2026-10-06","No reliable branch-specific weekly schedule verified from the supplied website in this pass."
"French Fries","Winner","MELT Gourmet Cheeseburgers","525 E Market St Suite J, Leesburg, VA 20176","39.10804","-77.55256","https://www.meltgourmetcheeseburgers.com/","(703) 443-2105","11:00-20:30","11:00-20:30","11:00-20:30","11:00-20:30","11:00-21:00","11:00-21:00","11:00-20:30","https://meltgourmetcheeseburgers.com/contact/","2026-10-06",""
"French Fries","Finalist","Blue Ridge Grill","44065 Ashburn Shopping Plaza, Ashburn, VA 20147","39.04287","-77.47545","https://brgrill.com/","(703) 729-0100","11:00-21:30","11:00-21:30","11:00-21:30","11:00-21:30","11:00-22:00","11:00-22:00","10:00-21:00","https://brgrill.com/ashburn/","2026-10-06",""
"French Fries","Finalist","Blue Ridge Grill","22865 Brambleton Plaza Brambleton, VA 20148","38.98468","-77.53699","https://brgrill.com/","(703) 327-1047","11:00-21:30","11:00-21:30","11:00-21:30","11:00-21:30","11:00-22:00","11:00-22:00","10:00-21:00","https://brgrill.com/brambleton/","2026-10-06",""
"French Fries","Finalist","Blue Ridge Grill","955 Edwards Ferry Rd, Leesburg, VA 20176","39.11388","-77.52317","https://brgrill.com/","(703) 669-5505","11:00-21:30","11:00-21:30","11:00-21:30","11:00-21:30","11:00-22:00","11:00-22:00","10:00-21:00","https://brgrill.com/leesburg/","2026-10-06",""
"French Fries","Finalist","Five Guys","44795 Dulles Overlook Dr Ste 100, Ashburn, VA 20147","39.05215","-77.45021","http://www.fiveguys.com/","+1(703) 8582425","11:00-22:00","11:00-22:00","11:00-22:00","11:00-22:00","11:00-23:00","11:00-23:00","11:00-23:00","https://restaurants.fiveguys.com/44795-dulles-overlook-drive","2026-10-06","Branch-specific openingHours from the official restaurant structured data; delivery hours are not used."
"French Fries","Finalist","Five Guys","46220 Potomac Run Plaza, Sterling, VA 20164","39.02747","-77.40099","http://www.fiveguys.com/","+1(571) 2677401","11:00-22:00","11:00-22:00","11:00-22:00","11:00-22:00","11:00-22:00","11:00-22:00","11:00-22:00","https://restaurants.fiveguys.com/46220-potomac-run-plaza","2026-10-06","Branch-specific openingHours from the official restaurant structured data; delivery hours are not used."
"French Fries","Finalist","Five Guys","1024 Seneca Rd Unit 2, Great Falls, VA 22066","39.00144","-77.34457","http://www.fiveguys.com/","+1(703)4294002","","","","","","","","","2026-10-06","No reliable branch-specific weekly schedule verified from the supplied website in this pass."
"French Fries","Finalist","Five Guys","44650 Waxpool Rd, Ashburn, VA 20147","39.01355","-77.46145","http://www.fiveguys.com/","+1(703) 7260344","10:00-22:00","10:00-22:00","10:00-22:00","10:00-22:00","10:00-22:00","10:00-22:00","10:00-22:00","https://restaurants.fiveguys.com/44650-waxpool-road","2026-10-06","Branch-specific openingHours from the official restaurant structured data; delivery hours are not used."
"French Fries","Finalist","Five Guys","1083 Edwards Ferry Rd, Leesburg, VA 20176","39.11388","-77.52317","http://www.fiveguys.com/","+1(571) 4428575","11:00-22:00","11:00-22:00","11:00-22:00","11:00-22:00","11:00-22:00","11:00-22:00","11:00-22:00","https://restaurants.fiveguys.com/1083-edwards-ferry-road-ne","2026-10-06","Branch-specific openingHours from the official restaurant structured data; delivery hours are not used."
"French Fries","Finalist","Five Guys","308 Kellys Ford Plaza, Leesburg, VA 20175","39.0888","-77.55782","http://www.fiveguys.com/","+1(703) 7710141","11:00-22:00","11:00-22:00","11:00-22:00","11:00-22:00","11:00-22:00","11:00-22:00","11:00-22:00","https://restaurants.fiveguys.com/308-kellys-ford-plaza-se","2026-10-06","Branch-specific openingHours from the official restaurant structured data; delivery hours are not used."
"French Fries","Top 5","Brew Birds","42020 Village Center Plz Ste 130, Aldie, VA 20105","38.93961","-77.54765","https://www.brewbirdscafe.com/","(703) 327-8702","08:00-19:00","08:00-19:00","08:00-19:00","08:00-19:00","08:00-21:00","09:00-21:00","09:00-16:00","https://www.brewbirdscafe.com/","2026-10-06",""
"French Fries","Top 5","Market Burger Fries & Shakes","145 W Main St, Purcellville, VA 20132","39.13685","-77.71561","https://marketburger.net/","(540) 751-1145","Closed","11:00-21:00","11:00-21:00","11:00-21:00","11:00-21:00","11:00-21:00","11:00-21:00","https://marketburger.net/","2026-10-06","May close before 21:00 when sold out."
"Fried Chicken","Winner","Blue Ridge Grill","44065 Ashburn Shopping Plaza, Ashburn, VA 20147","39.04287","-77.47545","http://brgrill.com/","(703) 729-0100","11:00-21:30","11:00-21:30","11:00-21:30","11:00-21:30","11:00-22:00","11:00-22:00","10:00-21:00","https://brgrill.com/ashburn/","2026-10-06",""
"Fried Chicken","Winner","Blue Ridge Grill","22865 Brambleton Plaza Brambleton, VA 20148","38.98468","-77.53699","http://brgrill.com/","(703) 327-1047","11:00-21:30","11:00-21:30","11:00-21:30","11:00-21:30","11:00-22:00","11:00-22:00","10:00-21:00","https://brgrill.com/brambleton/","2026-10-06",""
"Fried Chicken","Winner","Blue Ridge Grill","955 Edwards Ferry Rd, Leesburg, VA 20176","39.11388","-77.52317","http://brgrill.com/","(703) 669-5505","11:00-21:30","11:00-21:30","11:00-21:30","11:00-21:30","11:00-22:00","11:00-22:00","10:00-21:00","https://brgrill.com/leesburg/","2026-10-06",""
"Fried Chicken","Finalist","Buford's Biscuits","7 W Market St, Leesburg, VA 20176","39.1155","-77.5651","https://www.bufordsbiscuits.com/","(703) 687-7699","","","","08:00-14:00","08:00-14:00","08:00-14:00","09:00-14:00","https://www.bufordsbiscuits.com/location/bufords-biscuits/","2026-10-06","Only Thursday through Sunday are explicitly published; other days remain unknown."
"Fried Chicken","Finalist","Lowry's Crab Shack","420 W Colonial Hwy, Hamilton, VA 20158","39.13659","-77.67263","https://www.lowryscrabshack.com/","(540) 338-2348","Closed","Closed","16:00-20:00","16:00-20:00","16:00-20:00","12:00-20:00","12:00-20:00","https://www.lowryscrabshack.com/","2026-10-06",""
"Fried Chicken","Top 5","Popeyes Louisiana Kitchen","12218 Leesburg Pike, Herndon, VA 20170","39.01476","-77.37073","https://www.popeyes.com/","+1(571)351-6139","","","","","","","","","2026-10-06","No reliable branch-specific weekly schedule verified from the supplied website in this pass."
"Fried Chicken","Top 5","Popeyes Louisiana Kitchen","20460 Heron Overlook Plz, Ashburn, VA 20147","39.04966","-77.44919","https://www.popeyes.com/","+1(703)7247837","","","","","","","","","2026-10-06","No reliable branch-specific weekly schedule verified from the supplied website in this pass."
"Fried Chicken","Top 5","Popeyes Louisiana Kitchen","44061 Ashburn Shopping Plz, Ashburn, VA 20147","39.04344","-77.47552","https://www.popeyes.com/","+1(703)7233088","","","","","","","","","2026-10-06","No reliable branch-specific weekly schedule verified from the supplied website in this pass."
"Fried Chicken","Top 5","Popeyes Louisiana Kitchen","515 E Market St, Leesburg, VA 20176","39.10888","-77.55314","https://www.popeyes.com/","+1(571)4587222","","","","","","","","","2026-10-06","No reliable branch-specific weekly schedule verified from the supplied website in this pass."
"Fried Chicken","Top 5","Popeyes Louisiana Kitchen","44080 Pointe Plz, Chantilly, VA 20152","38.91201","-77.47788","https://www.popeyes.com/","+(1571)3250430","","","","","","","","","2026-10-06","No reliable branch-specific weekly schedule verified from the supplied website in this pass."
"Fried Chicken","Top 5","Popeyes Louisiana Kitchen","520 Compass Pt Plz, Leesburg, VA 20175","39.08431","-77.56274","https://www.popeyes.com/","+1(540)9125090","","","","","","","","","2026-10-06","No reliable branch-specific weekly schedule verified from the supplied website in this pass."
"Fried Chicken","Top 5","Popeyes Louisiana Kitchen","24431 Stone Springs Blvd, Sterling, VA 20166","38.94196","-77.54442","https://www.popeyes.com/","+1(703)6652452","","","","","","","","","2026-10-06","No reliable branch-specific weekly schedule verified from the supplied website in this pass."
"Fried Chicken","Top 5","Popeyes Louisiana Kitchen","358 Elden St, Herndon, VA 20170","38.96834","-77.37433","https://www.popeyes.com/","+1(703) 7091146","","","","","","","","","2026-10-06","No reliable branch-specific weekly schedule verified from the supplied website in this pass."
"Fried Chicken","Top 5","Popeyes Louisiana Kitchen","11850 Sunrise Valley Dr, Reston, VA 20191","38.94784","-77.35741","https://www.popeyes.com/","+1(703) 2643308","","","","","","","","","2026-10-06","No reliable branch-specific weekly schedule verified from the supplied website in this pass."
"Fried Chicken","Top 5","Popeyes Louisiana Kitchen","3075 Centreville Rd, Herndon, VA 20171","38.92196","-77.41687","https://www.popeyes.com/","+1(703) 904-9838","","","","","","","","","2026-10-06","No reliable branch-specific weekly schedule verified from the supplied website in this pass."
"Fried Chicken","Top 5","Raising Cane's Chicken Fingers","45545 Dulles Eastern Plz, Sterling, VA 20166","39.02419","-77.4243","https://locations.raisingcanes.com/va/sterling/45545-dulles-eastern-plaza","(703) 345-6863","10:00-01:00 (+1 day)","10:00-01:00 (+1 day)","10:00-01:00 (+1 day)","10:00-01:00 (+1 day)","10:00-02:00 (+1 day)","10:00-02:00 (+1 day)","10:00-01:00 (+1 day)","https://locations.raisingcanes.com/va/sterling/45545-dulles-eastern-plaza","2026-10-06",""
"Frozen Treats","Winner","Bruster's Real Ice Cream","43150 Broadlands Center Plaza Ste 114, Ashburn, VA 20148","39.02612","-77.50767","https://brusters.com/","+1(703) 3401003","12:00-22:00","12:00-22:00","12:00-22:00","12:00-22:00","12:00-23:00","12:00-23:00","12:00-22:00","https://brusters.com/locations/ashburn/387/","2026-10-06",""
"Frozen Treats","Winner","Bruster's Real Ice Cream","21385 Epicerie Plaza Ste 150 Suite 150, Sterling, VA 20164","39.02428","-77.39549","https://brusters.com/","+1(703) 9569182","12:00-22:00","12:00-22:00","12:00-22:00","12:00-22:00","12:00-23:00","12:00-23:00","12:00-22:00","https://brusters.com/locations/Sterling/471/","2026-10-06",""
"Frozen Treats","Winner","Bruster's Real Ice Cream","555 Compass Pt Plz Suite 108, Leesburg, VA 20175","39.08281","-77.56322","https://brusters.com/","+1(571) 5813052","12:00-22:00","12:00-22:00","12:00-22:00","12:00-22:00","12:00-23:00","12:00-23:00","12:00-22:00","https://brusters.com/locations/leesburg/411/","2026-10-06",""
"Frozen Treats","Winner","Bruster's Real Ice Cream","42015 Village Center Plaza Suite 100, Aldie, VA 20105","38.93931","-77.54909","https://brusters.com/","+1(703) 2165151","12:00-22:00","12:00-22:00","12:00-22:00","12:00-22:00","12:00-23:00","12:00-23:00","12:00-22:00","https://brusters.com/locations/stoneridge/419/","2026-10-06",""
"Frozen Treats","Finalist","Gruto's Soft Serve ","107 S King St, Leesburg, VA 20175","39.11386","-77.5654","https://grutos.com/","+1( 540) 3387276","12:00-21:00","12:00-21:00","12:00-21:00","12:00-21:00","12:00-22:00","12:00-22:00","14:00-21:00","https://grutos.com/locations/","2026-10-06",""
"Frozen Treats","Finalist","Gruto's Soft Serve","141 W Main St, Purcellville, VA 20132","39.13684","-77.71548","https://grutos.com/","+1(540) 3387276","","","","","","","","","2026-10-06","No reliable branch-specific weekly schedule verified from the supplied website in this pass."
"Frozen Treats","Finalist","Tipped Cow Creamery","251 N 21st St, Purcellville, VA 20132","39.13925","-77.71798","https://www.tippedcowcreamery.com/","(540) 441-3835","","","","","","","","","2026-10-06","Official website only labels its schedule SPRING BREAK HOURS; not used as current October hours."
"Frozen Treats","Top 5","Brookfield Dairy Farm Inc.","18868 Harmony Church Road, Leesburg, VA 20175","39.09575606","-77.63516","https://www.brookfield-dairyfarm.com/","(703) 777-5685","","","","","","","","","2026-10-06","Published weekend 12:00-17:00 schedule is associated with a second roadside address; source branch not verified."
"Frozen Treats","Top 5","MooThru","37098 Charles Town Pike, Hillsboro, VA 20132","39.19845","-77.7204","https://www.facebook.com/Moothruhillsboro","(833) 726-6748","","","","","","","","","2026-10-06","No reliable branch-specific weekly schedule verified from the supplied website in this pass."
"Hamburger/Cheeseburger","Winner","MELT Gourmet Cheeseburgers","525 E Market St Suite J, Leesburg, VA 20176","39.10804","-77.55256","https://www.meltgourmetcheeseburgers.com/","(703) 443-2105","11:00-20:30","11:00-20:30","11:00-20:30","11:00-20:30","11:00-21:00","11:00-21:00","11:00-20:30","https://meltgourmetcheeseburgers.com/contact/","2026-10-06",""
"Hamburger/Cheeseburger","Finalist","Ahso","22855 Brambleton Plz Suite 108, Brambleton, VA 20148","38.98489","-77.53685","https://www.ahsoresto.com/","703-327-6600","16:00-21:00","16:00-21:00","16:00-21:00","16:00-21:00","16:00-22:00","11:00-14:30; 17:00-22:00","11:00-14:30; 17:00-21:00","https://www.ahsoresto.com/about","2026-10-06","Includes weekday happy hour 16:00-18:00 and dinner 17:00 onward; weekend brunch and dinner are separate."
"Hamburger/Cheeseburger","Finalist","Blue Ridge Grill","44065 Ashburn Shopping Plaza, Ashburn, VA 20147","39.04287","-77.47545","http://brgrill.com/","(703) 729-0100","11:00-21:30","11:00-21:30","11:00-21:30","11:00-21:30","11:00-22:00","11:00-22:00","10:00-21:00","https://brgrill.com/ashburn/","2026-10-06",""
"Hamburger/Cheeseburger","Finalist","Blue Ridge Grill","22865 Brambleton Plaza Brambleton, VA 20148","38.98468","-77.53699","http://brgrill.com/","(703) 327-1047","11:00-21:30","11:00-21:30","11:00-21:30","11:00-21:30","11:00-22:00","11:00-22:00","10:00-21:00","https://brgrill.com/brambleton/","2026-10-06",""
"Hamburger/Cheeseburger","Finalist","Blue Ridge Grill","955 Edwards Ferry Rd, Leesburg, VA 20176","39.11388","-77.52317","http://brgrill.com/","(703) 669-5505","11:00-21:30","11:00-21:30","11:00-21:30","11:00-21:30","11:00-22:00","11:00-22:00","10:00-21:00","https://brgrill.com/leesburg/","2026-10-06",""
"Hamburger/Cheeseburger","Top 5","Brew Birds","42020 Village Center Plz Ste 130, Aldie, VA 20105","38.93961","-77.54765","https://www.brewbirdscafe.com/","(703) 327-8702","08:00-19:00","08:00-19:00","08:00-19:00","08:00-19:00","08:00-21:00","09:00-21:00","09:00-16:00","https://www.brewbirdscafe.com/","2026-10-06",""
"Hamburger/Cheeseburger","Top 5","Market Burger","145 W Main St, Purcellville, VA 20132","39.13685","-77.71561","https://marketburger.net/","(540) 751-1145","","","","","","","","","2026-10-06","No reliable branch-specific weekly schedule verified from the supplied website in this pass."
"Indian Restaurant","Winner","Train to Mumbai","11 Town Center Drive, Lovettsville, VA 20180","39.27474","-77.6406","https://www.traintomumbai.com/","(540) 668-5095","Closed","11:30-14:30; 16:30-21:00","11:30-14:30; 16:30-21:00","11:30-14:30; 16:30-21:00","11:30-21:00","12:00-21:00","12:00-15:00; 16:30-21:00","https://www.traintomumbai.com/","2026-10-06",""
"Indian Restaurant","Finalist","PIND Indian Cuisine","20522 Easthampton Plz, Ashburn, VA 20147","39.0529","-77.45471","https://pindindianrestaurant.com/","(703) 729-0211","11:30-15:00; 17:00-22:00","11:30-15:00; 17:00-22:00","11:30-15:00; 17:00-22:00","11:30-15:00; 17:00-22:00","11:30-15:00; 17:00-22:30","12:00-15:00; 17:00-22:30","12:00-15:00; 17:00-22:00","https://pindindianrestaurant.com/","2026-10-06",""
"Indian Restaurant","Finalist","Saffron Indian Cuisine","43170 Southern Walk Plz, Ashburn, VA 20148","39.00841","-77.50844","https://www.saffronva.com/","(703) 729-7700","","","","","","","","https://www.saffronva.com/","2026-10-06","Dinner closing conflicts: main Working Hours says 22:00; footer/contact says midnight. Days remain unknown. Agreed lunch hours: weekdays 11:30-14:30, weekends 12:00-15:00."
"Indian Restaurant","Top 5","Celebration by Rupa Vira","44260 Ice Rink Plz Suite 120, Ashburn, VA 20147","39.01984","-77.46962","http://celebrationva.com/","571-281-2233","Closed","11:30-14:30; 17:00-21:30","11:30-14:30; 17:00-21:30","11:30-14:30; 17:00-21:30","11:30-14:30; 17:00-22:00","11:30-15:00; 17:00-22:00","11:30-15:00; 17:00-21:30","http://celebrationva.com/","2026-10-06",""
"Indian Restaurant","Top 5","Marigold Restaurant & Banquet Hall","21015 Dulles Town Cir., Sterling, VA 20166","39.03105","-77.42724","","(571) 293-9336","","","","","","","","","2026-10-06","No reliable branch-specific weekly schedule verified from the supplied website in this pass."
"Italian Restaurant","Winner","Travinia Italian Kitchen & Wine Bar","1605 Village Market Blvd Suite 104, Leesburg, VA 20176","39.0892","-77.5242","https://www.traviniaitaliankitchen.com/","(703) 777-6511","11:30-21:00","11:30-21:00","11:30-21:00","11:30-21:00","11:30-22:00","11:30-22:00","11:30-21:00","https://www.traviniaitaliankitchen.com/travinia-leesburg-va.php","2026-10-06",""
"Italian Restaurant","Finalist","Pazzo Pomodoro","118 Branch Rd. SE, Vienna, VA 22180","38.91071","-77.25957","https://www.pazzopomodoro.com/","(703) 281-7777","11:30-14:30; 16:30-21:30","11:30-14:30; 16:30-21:30","11:30-14:30; 16:30-21:30","11:30-14:30; 16:30-21:30","11:30-22:30","11:30-22:30","11:30-21:30","https://www.pazzopomodoro.com/about","2026-10-06","Vienna dining-room hours, not Ashburn hours. Vienna bar stays open later."
"Italian Restaurant","Finalist","Solo NY Pizza","700 Fieldstone Dr, Leesburg, VA 20176","39.12544","-77.54761","https://solonypizza.com/","(571) 510-3909","11:00-21:00","11:00-21:00","11:00-21:00","11:00-21:00","11:00-22:00","11:00-22:00","Closed","https://solonypizza.com/","2026-10-06",""
"Italian Restaurant","Top 5","Anthony's","620 W Main St, Purcellville, VA 20132","39.13692","-77.72425","https://anthonysva.com/","(540) 338-7072","11:00-21:00","11:00-21:00","11:00-21:00","11:00-21:00","11:00-22:00","11:00-22:00","11:00-21:00","https://anthonysva.com/contact/","2026-10-06","Sunday is printed as 12 AM-8 PM, likely a typo; left blank rather than assuming noon."
"Italian Restaurant","Top 5","Urbano Modern Italian","21430 Epicerie Plz, Sterling, VA 20164","39.02351","-77.39476","https://www.urbanoitalian.com/","(571) 313-0618","Closed","11:30-20:00","11:30-20:00","11:30-20:30","11:30-20:30","11:30-20:30","11:30-20:00","https://www.urbanoitalian.com/","2026-10-06",""
"Japanese Restaurant","Winner","Passion Fin","42780 Creek View Plz, Ashburn, VA 20147","39.04343","-77.52171","https://www.passionfinashburn.com/","(703) 858-1118","11:30-14:45; 16:30-21:30","11:30-14:45; 16:30-21:30","11:30-14:45; 16:30-21:30","11:30-14:45; 16:30-21:30","11:30-14:45; 16:30-22:00","12:00-22:00","12:00-21:30","https://www.passionfinashburn.com/","2026-10-06",""
"Japanese Restaurant","Finalist","Kobe Japanese Steak & Seafood House","514 E Market St, Leesburg, VA 20176","39.11023","-77.55108","https://kobejs.com/","(703) 443-8300","","","","","","","","","2026-10-06","No reliable branch-specific weekly schedule verified from the supplied website in this pass."
"Japanese Restaurant","Finalist","Noku Sushi, Hibachi and Ramen","1607 Village Market Blvd Suite 108, Leesburg, VA 20175","39.08862","-77.52346","https://nokusushi.com/","(571) 333-5223","11:30-21:00","11:30-21:00","11:30-21:00","11:30-21:00","11:30-21:30","11:30-21:30","11:30-21:00","https://nokusushi.com/","2026-10-06","Leesburg branch schedule, not the separate Reston schedule."
"Japanese Restaurant","Top 5","Nagoya Steak & Seafood","43330 Junction Plz Ste 194, Ashburn, VA 20147","39.03644","-77.50089","https://nagoyasteaknseafood.com/","(703) 723-9703","16:30-22:00","16:30-22:00","16:30-22:00","16:30-22:00","16:00-22:00","16:00-22:00","15:00-21:00","https://nagoyasteaknseafood.com/contact","2026-10-06",""
"Japanese Restaurant","Top 5","OKADA Japanese Restaurant & Sushi Bar","20357 Exchange St, Ashburn, VA 20147","39.05292","-77.4543","https://okadajapaneserestaurant.com/","(703) 723-3628","","","","","","","","","2026-10-06","No reliable branch-specific weekly schedule verified from the supplied website in this pass."
"Korean Restaurant","Winner","Gogi 92 Korean BBQ","1602 Village Market Blvd, Leesburg, VA 20175","39.09067","-77.52616","https://gogi92.com/","(571) 888-3556","12:00-15:00; 16:00-21:30","12:00-15:00; 16:00-21:30","12:00-15:00; 16:00-21:30","12:00-15:00; 16:00-21:30","12:00-15:00; 16:00-21:30","12:00-15:00; 16:00-21:30","12:00-15:00; 16:00-21:30","https://gogi92.com/","2026-10-06","Official site lists 1603 Village Market Blvd SE; source CSV says 1602. Same named Village at Leesburg venue; original address retained."
"Korean Restaurant","Finalist","Honey Pig","43330 Junction Plz Ste 180, Ashburn, VA 20147","39.03644","-77.50089","https://www.honeypigbbq.com/","(571) 707-8741","11:30-22:00","11:30-22:00","11:30-22:00","11:30-22:00","11:30-23:00","11:30-23:00","11:30-22:00","https://www.honeypigbbq.com/ashburn-va","2026-10-06","Sunday conflicts between two official Ashburn pages (11:30-21:30 versus 11:00-22:00); Sunday blank. Friday/Saturday typo 11:3o normalized to 11:30."
"Korean Restaurant","Finalist","Oseyo Korean BBQ","19286 Promenade Drive, Leesburg, VA 20176","39.08256","-77.49564","https://www.oseyokbbq.com/","(571) 291-2386","","","","","","","","","2026-10-06","No reliable branch-specific weekly schedule verified from the supplied website in this pass."
"Korean Restaurant","Top 5","Chi Mc","21950 Cascades Parkway, Sterling, VA 20164","39.00878","-77.41684","https://chimcusa.com/","(703) 956-9332","","","","","","","","","2026-10-06","No reliable branch-specific weekly schedule verified from the supplied website in this pass."
"Korean Restaurant","Top 5","GogiGoGo","42780 Creek View Plz 120, Ashburn, VA 20147","39.04336","-77.52214","https://thegogigogo.com/","(703) 852-0955","","","","","","","","","2026-10-06","No reliable branch-specific weekly schedule verified from the supplied website in this pass."
"Mediterranean Restaurant","Winner","Opa! Mezze Grill","44110 Ashburn Shopping Plz, Ashburn, VA 20147","39.04448","-77.47422","https://www.opamezzegrill.com/","(703) 729-2211","11:00-20:00","11:00-20:00","11:00-20:00","11:00-20:00","11:00-20:30","11:00-20:30","11:00-19:00","https://www.opamezzegrill.com/","2026-10-06",""
"Mediterranean Restaurant","Finalist","Mama Lucci's","302 Industrial Court Southeast, Leesburg, VA 20175","39.10788","-77.55927","http://mamaluccis.com/","(703) 771-1789","","","","","","","","","2026-10-06","No reliable branch-specific weekly schedule verified from the supplied website in this pass."
"Mediterranean Restaurant","Finalist","Nick's Taverna","42395 Ryan Rd, Ashburn, VA 20148","38.98559","-77.53619","https://www.nickstaverna.com/","(703) 327-7844","","","","","","","12:00-21:00","https://www.nickstaverna.com/","2026-10-06","Homepage and hour-location page conflict on Monday-Saturday; these days remain unknown. Sunday agrees at 12:00-21:00."
"Mediterranean Restaurant","Finalist","Taste of Lebanon","510 E Market St, Leesburg, VA 20176","39.11081","-77.55171","https://tasteoflebanonlva.com/","(571) 444-8847","11:00-20:30","11:00-20:30","11:00-20:30","11:00-20:30","11:00-21:00","11:00-21:00","11:00-21:00","https://tasteoflebanonlva.com/","2026-10-06",""
"Mediterranean Restaurant","Top 5","Greek Unique","44632 Guilford Dr, Ashburn, VA 20147","39.02299","-77.45588","https://greekuniqueva.com/","(703) 723-8645","11:00-14:30; 16:30-19:30","11:00-14:30; 16:30-19:30","11:00-14:30; 16:30-19:30","11:00-14:30; 16:30-19:00","11:00-14:30; 16:30-19:30","15:00-19:30","Closed","https://greekuniqueva.com/","2026-10-06","Explicit weekday break 14:30-16:30 applied to the published daily hours."
"Mexican/Southwestern Restaurant","Winner","Parrando's Tex-Mex Grill","42830 Creek View Plaza #100 Ashburn, VA 20147","39.04199","-77.52116","https://www.parrandos.com/","(571) 2483102","","","","","","","","","2026-10-06","Ashburn hours conflict between branch page and locations page; no schedule selected."
"Mexican/Southwestern Restaurant","Finalist","Anita's","5 Fort Evans Rd, Leesburg, VA 20176","39.10704","-77.54806","https://www.anitascorp.com/","(571) 520-0885","05:00-21:00","05:00-21:00","05:00-21:00","05:00-21:00","05:00-22:00","05:00-22:00","05:30-21:00","https://www.anitascorp.com/leesburg","2026-10-06",""
"Mexican/Southwestern Restaurant","Finalist","Casa Tequila Bar & Grill","1020 E Main St Ste N, Purcellville, VA 20132","39.13501","-77.69814","https://www.casatequilarestaurant.com/","(540) 441-3915","11:00-22:00","11:00-22:00","11:00-22:00","11:00-22:00","11:00-23:00","11:00-23:00","11:00-21:00","https://casatequilarestaurant.com/locations","2026-10-06",""
"Mexican/Southwestern Restaurant","Top 5","Casa De Avila Tacos","2C Loudoun St, Leesburg, VA 20175","39.11283","-77.55984","https://casadeavilatacos.com/","(703) 774-6362","","","","","","","","","2026-10-06","No reliable branch-specific weekly schedule verified from the supplied website in this pass."
"Mexican/Southwestern Restaurant","Top 5","Mancha Cocina Mexicana","200 Fort Evans Road Northeast, Leesburg, VA 20176","39.11069","-77.53695","https://www.manchacocinamx.com/","(571) 291-9705","11:00-22:00","11:00-22:00","11:00-22:00","11:00-22:00","11:00-22:00","11:00-22:00","11:00-21:00","https://www.manchacocinamx.com/hours","2026-10-06",""
"Outdoor Dining Restaurant","Winner","Clyde's at Willow Creek Farm","42920 Broadlands Blvd, Broadlands, VA 20148","39.03212","-77.51664","https://www.clydes.com/location/clydes-willow-creek-farm","(571) 209-1200","11:00-00:30 (+1 day)","11:00-00:30 (+1 day)","11:00-00:30 (+1 day)","11:00-00:30 (+1 day)","11:00-00:30 (+1 day)","10:00-00:30 (+1 day)","10:00-00:30 (+1 day)","https://www.clydes.com/location/clydes-willow-creek-farm","2026-10-06","Venue hours. Kitchen closes at midnight; Richmond House has a separate schedule."
"Outdoor Dining Restaurant","Finalist","Fire Works Pizza","201 Harrison Street SE, Leesburg, VA 20175","39.11288","-77.56285","https://www.fireworkspizza.com/","(703) 779-8400","","","","","","","","","2026-10-06","Official Leesburg site says open daily at 11:00 but does not publish a closing time."
"Outdoor Dining Restaurant","Finalist","More Better Beer Garden","35246 Harry Byrd Hwy, Round Hill, VA 20141","39.127862","-77.787143","https://www.morebetterbeer.com/","(540) 751-9603","11:30-21:00","11:30-21:00","11:30-21:00","11:30-21:00","11:30-22:00","10:00-22:00","10:00-21:00","https://www.morebetterbeer.com/","2026-10-06",""
"Outdoor Dining Restaurant","Top 5","Blue Ridge Grill","44065 Ashburn Shopping Plaza, Ashburn, VA 20147","39.04287","-77.47545","http://brgrill.com/","(703) 729-0100","11:00-21:30","11:00-21:30","11:00-21:30","11:00-21:30","11:00-22:00","11:00-22:00","10:00-21:00","https://brgrill.com/ashburn/","2026-10-06",""
"Outdoor Dining Restaurant","Top 5","Blue Ridge Grill","22865 Brambleton Plaza Brambleton, VA 20148","38.98468","-77.53699","http://brgrill.com/","(703) 327-1047","11:00-21:30","11:00-21:30","11:00-21:30","11:00-21:30","11:00-22:00","11:00-22:00","10:00-21:00","https://brgrill.com/brambleton/","2026-10-06",""
"Outdoor Dining Restaurant","Top 5","Blue Ridge Grill","955 Edwards Ferry Rd, Leesburg, VA 20176","39.11388","-77.52317","http://brgrill.com/","(703) 669-5505","11:00-21:30","11:00-21:30","11:00-21:30","11:00-21:30","11:00-22:00","11:00-22:00","10:00-21:00","https://brgrill.com/leesburg/","2026-10-06",""
"Outdoor Dining Restaurant","Top 5","Shoe's Cup & Cork","17 N King St, Leesburg, VA 20176","39.11605","-77.56444","https://shoescupandcork.com/","(703) 771-7463","09:00-15:00; 17:00-21:00","Closed","Closed","09:00-15:00; 17:00-21:00","09:00-15:00; 17:00-22:00","09:00-15:00; 17:00-22:00","09:00-17:00","https://shoescupandcork.com/","2026-10-06",""
"Overall Restaurant","Winner","Tuscarora Mill (Tuskie's)","203 Harrison St, Leesburg, VA 20175","39.11269","-77.56271","https://www.tuskies.com/","(703) 771-9300","11:00-22:00","11:00-22:00","11:00-22:00","11:00-22:00","11:00-23:00","11:00-23:00","10:00-21:00","https://www.tuskies.com/","2026-10-06",""
"Overall Restaurant","Finalist","Blue Ridge Grill","44065 Ashburn Shopping Plaza, Ashburn, VA 20147","39.04287","-77.47545","http://brgrill.com/","(703) 729-0100","11:00-21:30","11:00-21:30","11:00-21:30","11:00-21:30","11:00-22:00","11:00-22:00","10:00-21:00","https://brgrill.com/ashburn/","2026-10-06",""
"Overall Restaurant","Finalist","Blue Ridge Grill","22865 Brambleton Plaza Brambleton, VA 20148","38.98468","-77.53699","http://brgrill.com/","(703) 327-1047","11:00-21:30","11:00-21:30","11:00-21:30","11:00-21:30","11:00-22:00","11:00-22:00","10:00-21:00","https://brgrill.com/brambleton/","2026-10-06",""
"Overall Restaurant","Finalist","Blue Ridge Grill","955 Edwards Ferry Rd, Leesburg, VA 20176","39.11388","-77.52317","http://brgrill.com/","(703) 669-5505","11:00-21:30","11:00-21:30","11:00-21:30","11:00-21:30","11:00-22:00","11:00-22:00","10:00-21:00","https://brgrill.com/leesburg/","2026-10-06",""
"Overall Restaurant","Finalist","Magnolias at the Mill","198 N 21st St, Purcellville, VA 20132","39.13834","-77.71565","https://www.magnoliasmill.com/","540-338–9800","11:00-21:00","11:00-21:00","11:00-21:00","11:00-21:00","11:00-22:00","11:00-22:00","11:00-21:00","https://www.magnoliasmill.com/","2026-10-06",""
"Overall Restaurant","Top 5","Ahso","22855 Brambleton Plz Suite 108, Brambleton, VA 20148","38.98489","-77.53685","https://www.ahsoresto.com/","703-327-6600","16:00-21:00","16:00-21:00","16:00-21:00","16:00-21:00","16:00-22:00","11:00-14:30; 17:00-22:00","11:00-14:30; 17:00-21:00","https://www.ahsoresto.com/about","2026-10-06","Includes weekday happy hour 16:00-18:00 and dinner 17:00 onward; weekend brunch and dinner are separate."
"Overall Restaurant","Top 5","The Bungalow Lakehouse","46116 Lake Center Plz, Sterling, VA 20165","39.03299","-77.40364","https://www.bungalowlakehouse.com/","(703) 430-7625","11:30-00:00 (+1 day)","11:30-00:00 (+1 day)","11:30-00:00 (+1 day)","11:30-00:00 (+1 day)","11:30-02:00 (+1 day)","11:30-02:00 (+1 day)","10:30-00:00 (+1 day)","https://www.bungalowlakehouse.com/","2026-10-06",""
"Pizza","Winner","Fire Works Pizza","201 Harrison Street SE, Leesburg, VA 20175","39.11288","-77.56285","https://www.fireworkspizza.com/","(703) 779-8400","","","","","","","","","2026-10-06","Official Leesburg site says open daily at 11:00 but does not publish a closing time."
"Pizza","Finalist","Manhattan Pizza","43930 Farmwell Hunt Plz 108, Ashburn, VA 20147","39.02359","-77.48085","https://manhattanpizza.com/locations/ashburn/","(703) 858-1388","10:00-22:00","10:00-22:00","10:00-22:00","10:00-22:00","10:00-22:00","10:00-22:00","11:00-22:00","https://manhattanpizza.com/locations/ashburn/","2026-10-06",""
"Pizza","Finalist","Solo NY Pizza","700 Fieldstone Dr, Leesburg, VA 20176","39.12544","-77.54761","https://solonypizza.com/","(571) 510-3909","11:00-21:00","11:00-21:00","11:00-21:00","11:00-21:00","11:00-22:00","11:00-22:00","Closed","https://solonypizza.com/","2026-10-06",""
"Pizza","Top 5","900 Degrees Brick Oven Pizza","609 E Main St, Purcellville, VA 20132","39.1375","-77.70732","https://900brickovenpizza.com/","(540) 338-3322","","","","","","","","","2026-10-06","No reliable branch-specific weekly schedule verified from the supplied website in this pass."
"Pizza","Top 5","Pizza Twist Ashburn","20691 Ashburn Road, Suite 160, Ashburn, VA 20147","39.04505","-77.4879","https://order.online/store/ChicagosPizzaWithATwistAshburnVA-24846652/?_gl=1%2Ahuy3lc%2A_gcl_au%2AMTU2NTE4MjM2MC4xNzQyOTM3MzAz&hideModal=true&pickup=true","(703) 687-4447","","","","","","","","","2026-10-06","No reliable branch-specific weekly schedule verified from the supplied website in this pass."
"Restaurant Service","Winner","Tuscarora Mill (Tuskie's)","203 Harrison St, Leesburg, VA 20175","39.11269","-77.56271","https://www.tuskies.com/","(703) 771-9300","11:00-22:00","11:00-22:00","11:00-22:00","11:00-22:00","11:00-23:00","11:00-23:00","10:00-21:00","https://www.tuskies.com/","2026-10-06",""
"Restaurant Service","Finalist","Ahso","22855 Brambleton Plz Suite 108, Brambleton, VA 20148","38.98489","-77.53685","https://www.ahsoresto.com/","703-327-6600","16:00-21:00","16:00-21:00","16:00-21:00","16:00-21:00","16:00-22:00","11:00-14:30; 17:00-22:00","11:00-14:30; 17:00-21:00","https://www.ahsoresto.com/about","2026-10-06","Includes weekday happy hour 16:00-18:00 and dinner 17:00 onward; weekend brunch and dinner are separate."
"Restaurant Service","Finalist","Blue Ridge Grill","44065 Ashburn Shopping Plaza, Ashburn, VA 20147","39.04287","-77.47545","http://brgrill.com/","(703) 729-0100","11:00-21:30","11:00-21:30","11:00-21:30","11:00-21:30","11:00-22:00","11:00-22:00","10:00-21:00","https://brgrill.com/ashburn/","2026-10-06",""
"Restaurant Service","Finalist","Blue Ridge Grill","22865 Brambleton Plaza Brambleton, VA 20148","38.98468","-77.53699","http://brgrill.com/","(703) 327-1047","11:00-21:30","11:00-21:30","11:00-21:30","11:00-21:30","11:00-22:00","11:00-22:00","10:00-21:00","https://brgrill.com/brambleton/","2026-10-06",""
"Restaurant Service","Finalist","Blue Ridge Grill","955 Edwards Ferry Rd, Leesburg, VA 20176","39.11388","-77.52317","http://brgrill.com/","(703) 669-5505","11:00-21:30","11:00-21:30","11:00-21:30","11:00-21:30","11:00-22:00","11:00-22:00","10:00-21:00","https://brgrill.com/leesburg/","2026-10-06",""
"Restaurant Service","Top 5","Brew Birds","42020 Village Center Plz Ste 130, Aldie, VA 20105","38.93961","-77.54765","https://www.brewbirdscafe.com/","(703) 327-8702","08:00-19:00","08:00-19:00","08:00-19:00","08:00-19:00","08:00-21:00","09:00-21:00","09:00-16:00","https://www.brewbirdscafe.com/","2026-10-06",""
"Restaurant Service","Top 5","Magnolias at the Mill","198 N 21st St, Purcellville, VA 20132","39.13834","-77.71565","https://www.magnoliasmill.com/","540-338–9800","11:00-21:00","11:00-21:00","11:00-21:00","11:00-21:00","11:00-22:00","11:00-22:00","11:00-21:00","https://www.magnoliasmill.com/","2026-10-06",""
"Romantic Dining Restaurant","Winner","Lightfoot Restaurant","11 N King St, Leesburg, VA 20176","39.11588","-77.56452","https://lightfootrestaurant.com/","(703) 771-2233","Closed","Closed","11:30-21:00","11:30-21:00","11:30-22:00","11:30-22:00","11:30-20:00","https://lightfootrestaurant.com/contact/","2026-10-06","Published end times are last seating, not a guaranteed venue closing time."
"Romantic Dining Restaurant","Finalist","Ahso","22855 Brambleton Plz Ste 108, Brambleton, VA 20148","38.98489","-77.53685","https://www.ahsoresto.com/","703-327-6600","16:00-21:00","16:00-21:00","16:00-21:00","16:00-21:00","16:00-22:00","11:00-14:30; 17:00-22:00","11:00-14:30; 17:00-21:00","https://www.ahsoresto.com/about","2026-10-06","Includes weekday happy hour 16:00-18:00 and dinner 17:00 onward; weekend brunch and dinner are separate."
"Romantic Dining Restaurant","Finalist","Tuscarora Mill (Tuskie's)","203 Harrison St, Leesburg, VA 20175","39.11269","-77.56271","https://www.tuskies.com/","(703) 771-9300","11:00-22:00","11:00-22:00","11:00-22:00","11:00-22:00","11:00-23:00","11:00-23:00","10:00-21:00","https://www.tuskies.com/","2026-10-06",""
"Romantic Dining Restaurant","Top 5","Blue Ridge Grill","44065 Ashburn Shopping Plaza, Ashburn, VA 20147","39.04287","-77.47545","http://brgrill.com/","(703) 729-0100","11:00-21:30","11:00-21:30","11:00-21:30","11:00-21:30","11:00-22:00","11:00-22:00","10:00-21:00","https://brgrill.com/ashburn/","2026-10-06",""
"Romantic Dining Restaurant","Top 5","Blue Ridge Grill","22865 Brambleton Plaza Brambleton, VA 20148","38.98468","-77.53699","http://brgrill.com/","(703) 327-1047","11:00-21:30","11:00-21:30","11:00-21:30","11:00-21:30","11:00-22:00","11:00-22:00","10:00-21:00","https://brgrill.com/brambleton/","2026-10-06",""
"Romantic Dining Restaurant","Top 5","Blue Ridge Grill","955 Edwards Ferry Rd, Leesburg, VA 20176","39.11388","-77.52317","http://brgrill.com/","(703) 669-5505","11:00-21:30","11:00-21:30","11:00-21:30","11:00-21:30","11:00-22:00","11:00-22:00","10:00-21:00","https://brgrill.com/leesburg/","2026-10-06",""
"Romantic Dining Restaurant","Top 5","Magnolias at the Mill","198 N 21st St, Purcellville, VA 20132","39.13834","-77.71565","https://www.magnoliasmill.com/","540-338–9800","11:00-21:00","11:00-21:00","11:00-21:00","11:00-21:00","11:00-22:00","11:00-22:00","11:00-21:00","https://www.magnoliasmill.com/","2026-10-06",""
"Sandwich/Sub","Winner","South Street Under","203 Harrison St, Leesburg, VA 20175","39.11269","-77.56271","https://www.southstreetunder.com/","(703) 771-9610","07:00-17:00","07:00-17:00","07:00-17:00","07:00-17:00","07:00-17:00","08:00-17:00","08:00-17:00","https://www.southstreetunder.com/","2026-10-06","Uses bakery/deli hours at top of page; footer and structured data describe Tuscarora Mill and are not used."
"Sandwich/Sub","Finalist","Blue Ridge Grill","44065 Ashburn Shopping Plaza, Ashburn, VA 20147","39.04287","-77.47545","http://brgrill.com/","(703) 729-0100","11:00-21:30","11:00-21:30","11:00-21:30","11:00-21:30","11:00-22:00","11:00-22:00","10:00-21:00","https://brgrill.com/ashburn/","2026-10-06",""
"Sandwich/Sub","Finalist","Blue Ridge Grill","22865 Brambleton Plaza Brambleton, VA 20148","38.98468","-77.53699","http://brgrill.com/","(703) 327-1047","11:00-21:30","11:00-21:30","11:00-21:30","11:00-21:30","11:00-22:00","11:00-22:00","10:00-21:00","https://brgrill.com/brambleton/","2026-10-06",""
"Sandwich/Sub","Finalist","Blue Ridge Grill","955 Edwards Ferry Rd, Leesburg, VA 20176","39.11388","-77.52317","http://brgrill.com/","(703) 669-5505","11:00-21:30","11:00-21:30","11:00-21:30","11:00-21:30","11:00-22:00","11:00-22:00","10:00-21:00","https://brgrill.com/leesburg/","2026-10-06",""
"Sandwich/Sub","Finalist","Puccio's New York Deli","211 Loudoun St, Leesburg, VA 20175","39.11914","-77.56786","http://www.puccios-deli.com/","(703) 779-7676","08:00-15:00","08:00-15:00","08:00-15:00","08:00-15:00","08:00-15:00","08:00-15:00","Closed","http://www.puccios-deli.com/","2026-10-06",""
"Sandwich/Sub","Top 5","Filling Co. Gas & Grub","20050 Ashbrook Commons Plz, Ashburn, VA 20147","39.06222","-77.47124","http://www.fillingco.com/","(703) 343-7788","","","","","","","","","2026-10-06","No reliable branch-specific weekly schedule verified from the supplied website in this pass."
"Sandwich/Sub","Top 5","The Deli","19350 Diamond Lake Dr, Leesburg, VA 20176","39.08128","-77.49324","https://www.thedeli.com/","(571) 333-3305","","","","","","","","","2026-10-06","No reliable branch-specific weekly schedule verified from the supplied website in this pass."
"Seafood","Winner","Ford's Fish Shack","44260 Ice Rink Plaza Suite 101, Ashburn, VA 20147","39.01984","-77.46962","https://fordsfishshack.com/","+1(571) 918-4092","","","","","","","","","2026-10-06","No reliable branch-specific weekly schedule verified from the supplied website in this pass."
"Seafood","Winner","Ford's Fish Shack - Lansdowne","19308 Promenade Dr, Leesburg, VA 20176","39.08231","-77.49541","https://fordsfishshack.com/","+1(571) 333-1301","11:00-22:00","11:00-22:00","11:00-22:00","11:00-22:00","11:00-23:00","10:00-23:00","10:00-22:00","https://fordsfishshack.com/locations/lansdowne/","2026-10-06",""
"Seafood","Finalist","King Street Oyster Bar ","12 S King St, Leesburg, VA 20175","39.11502","-77.56463","http://www.kingstreetoysterbar.com/","+(1571) 442-8068","","","","","","","","","2026-10-06","No reliable branch-specific weekly schedule verified from the supplied website in this pass."
"Seafood","Finalist","King Street Oyster Bar - Middleburg","1 E Washington St, Middleburg, VA 20117","38.96891","-77.73524","http://www.kingstreetoysterbar.com/","+1(540) 883-3156","","","","","","","","","2026-10-06","No reliable branch-specific weekly schedule verified from the supplied website in this pass."
"Seafood","Finalist","Lowry's Crab Shack","420 W Colonial Hwy, Hamilton, VA 20158","39.13659","-77.67263","https://www.lowryscrabshack.com/","(540) 338-2348","Closed","Closed","16:00-20:00","16:00-20:00","16:00-20:00","12:00-20:00","12:00-20:00","https://www.lowryscrabshack.com/","2026-10-06",""
"Seafood","Top 5","Ahso","22855 Brambleton Plz Suite 108, Brambleton, VA 20148","38.98489","-77.53685","https://www.ahsoresto.com/","703-327-6600","16:00-21:00","16:00-21:00","16:00-21:00","16:00-21:00","16:00-22:00","11:00-14:30; 17:00-22:00","11:00-14:30; 17:00-21:00","https://www.ahsoresto.com/about","2026-10-06","Includes weekday happy hour 16:00-18:00 and dinner 17:00 onward; weekend brunch and dinner are separate."
"Seafood","Top 5","Blue Ridge Grill","44065 Ashburn Shopping Plaza, Ashburn, VA 20147","39.04287","-77.47545","http://brgrill.com/","(703) 729-0100","11:00-21:30","11:00-21:30","11:00-21:30","11:00-21:30","11:00-22:00","11:00-22:00","10:00-21:00","https://brgrill.com/ashburn/","2026-10-06",""
"Seafood","Top 5","Blue Ridge Grill","22865 Brambleton Plaza Brambleton, VA 20148","38.98468","-77.53699","http://brgrill.com/","(703) 327-1047","11:00-21:30","11:00-21:30","11:00-21:30","11:00-21:30","11:00-22:00","11:00-22:00","10:00-21:00","https://brgrill.com/brambleton/","2026-10-06",""
"Seafood","Top 5","Blue Ridge Grill","955 Edwards Ferry Rd, Leesburg, VA 20176","39.11388","-77.52317","http://brgrill.com/","(703) 669-5505","11:00-21:30","11:00-21:30","11:00-21:30","11:00-21:30","11:00-22:00","11:00-22:00","10:00-21:00","https://brgrill.com/leesburg/","2026-10-06",""
"Steak","Winner","D.C. Prime","20120 Lakeview Center Plz, Ashburn, VA 20147","39.05897","-77.45267","https://dcprimesteaks.com/","(703) 840-2099","","","","","","","","","2026-10-06","Official site gives daily opening at 16:00 but no closing time; daily intervals left blank."
"Steak","Finalist","Ahso","22855 Brambleton Plz Suite 108, Brambleton, VA 20148","38.98489","-77.53685","https://www.ahsoresto.com/","703-327-6600","16:00-21:00","16:00-21:00","16:00-21:00","16:00-21:00","16:00-22:00","11:00-14:30; 17:00-22:00","11:00-14:30; 17:00-21:00","https://www.ahsoresto.com/about","2026-10-06","Includes weekday happy hour 16:00-18:00 and dinner 17:00 onward; weekend brunch and dinner are separate."
"Steak","Finalist","Tuscarora Mill (Tuskie's)","203 Harrison St, Leesburg, VA 20175","39.11269","-77.56271","https://www.tuskies.com/","(703) 771-9300","11:00-22:00","11:00-22:00","11:00-22:00","11:00-22:00","11:00-23:00","11:00-23:00","10:00-21:00","https://www.tuskies.com/","2026-10-06",""
"Steak","Top 5","Blue Ridge Grill","44065 Ashburn Shopping Plaza, Ashburn, VA 20147","39.04287","-77.47545","http://brgrill.com/","(703) 729-0100","11:00-21:30","11:00-21:30","11:00-21:30","11:00-21:30","11:00-22:00","11:00-22:00","10:00-21:00","https://brgrill.com/ashburn/","2026-10-06",""
"Steak","Top 5","Blue Ridge Grill","22865 Brambleton Plaza Brambleton, VA 20148","38.98468","-77.53699","http://brgrill.com/","(703) 327-1047","11:00-21:30","11:00-21:30","11:00-21:30","11:00-21:30","11:00-22:00","11:00-22:00","10:00-21:00","https://brgrill.com/brambleton/","2026-10-06",""
"Steak","Top 5","Blue Ridge Grill","955 Edwards Ferry Rd, Leesburg, VA 20176","39.11388","-77.52317","http://brgrill.com/","(703) 669-5505","11:00-21:30","11:00-21:30","11:00-21:30","11:00-21:30","11:00-22:00","11:00-22:00","10:00-21:00","https://brgrill.com/leesburg/","2026-10-06",""
"Steak","Top 5","Texas Roadhouse","19990 Riverside Cmns Plz, Ashburn, VA 20147","39.06383","-77.46265","https://www.texasroadhouse.com/locations/ashburn","(571) 333-0909","15:00-22:00","15:00-22:00","15:00-21:00","15:00-22:00","11:00-23:00","11:00-23:00","11:00-22:00","https://www.texasroadhouse.com/locations/ashburn","2026-10-06",""
"Sushi","Winner","Passion Fin","42780 Creek View Plz, Ashburn, VA 20147","39.04343","-77.52171","https://www.passionfinashburn.com/","(703) 858-1118","11:30-14:45; 16:30-21:30","11:30-14:45; 16:30-21:30","11:30-14:45; 16:30-21:30","11:30-14:45; 16:30-21:30","11:30-14:45; 16:30-22:00","12:00-22:00","12:00-21:30","https://www.passionfinashburn.com/","2026-10-06",""
"Sushi","Finalist","Jasmine Chinese Cuisine & Sushi","110 S St, Leesburg, VA 20175","39.11249","-77.56393","https://jasminecuisine.com/","(703) 737-2288","11:00-21:00","11:00-21:00","11:00-21:00","11:00-21:00","11:00-22:00","11:00-22:00","Closed","https://jasminecuisine.com/","2026-10-06",""
"Sushi","Finalist","Noku Sushi, Hibachi and Ramen","1607 Village Market Blvd Suite 108, Leesburg, VA 20175","39.088626","-77.5235226","https://nokusushi.com/","(571) 333-5223","11:30-21:00","11:30-21:00","11:30-21:00","11:30-21:00","11:30-21:30","11:30-21:30","11:30-21:00","https://nokusushi.com/","2026-10-06","Leesburg branch schedule, not the separate Reston schedule."
"Sushi","Top 5","Finn Thai Ashburn","44795 Dulles Overlook Drive Ashburn, VA 20147","39.05215","-77.45021","https://www.finnthai.com/","+(1571) 333-5000","","","","","","","","","2026-10-06","No reliable branch-specific weekly schedule verified from the supplied website in this pass."
"Sushi","Top 5","Finn Thai Reston","1466 North Point Village Center, Reston, VA 20194","38.97884","-77.35034","https://www.finnthai.com/","+(1571) 313- 0602","","","","","","","","","2026-10-06","No reliable branch-specific weekly schedule verified from the supplied website in this pass."
"Sushi","Top 5","Finn Thai Great Falls","752a Walker Rd, Great Falls, VA 22066","39.02708","-77.29405","https://www.finnthai.com/","+1(703) 757-7052","","","","","","","","","2026-10-06","No reliable branch-specific weekly schedule verified from the supplied website in this pass."
"Sushi","Top 5","Finn Thai Restaurant & Bar","126 N Maple Ave, Purcellville, VA 20132","39.13809","-77.70487","https://www.finnthai.com/","+1(540) 751-1300","","","","","","","","","2026-10-06","No reliable branch-specific weekly schedule verified from the supplied website in this pass."
"Sushi","Top 5","Mr. Sushi & Mrs. Roll","19302 Promenade Dr, Leesburg, VA 20176","39.08242","-77.49553","https://www.mrsushimrsroll.com/","(571) 918-0372","11:30-21:30","11:30-21:30","11:30-21:30","11:30-21:30","11:30-22:00","11:30-22:00","11:30-21:30","https://mrsushimrsroll.com/locations","2026-10-06",""
"Takeout/Curbside","Winner","Fire Works Pizza","201 Harrison Street SE, Leesburg, VA 20175","39.11288","-77.56285","https://www.fireworkspizza.com/","(703) 779-8400","","","","","","","","","2026-10-06","Official Leesburg site says open daily at 11:00 but does not publish a closing time."
"Takeout/Curbside","Finalist","Ahso","22855 Brambleton Plz Suite 108, Brambleton, VA 20148","38.98489","-77.53685","https://www.ahsoresto.com/","703-327-6600","16:00-21:00","16:00-21:00","16:00-21:00","16:00-21:00","16:00-22:00","11:00-14:30; 17:00-22:00","11:00-14:30; 17:00-21:00","https://www.ahsoresto.com/about","2026-10-06","Includes weekday happy hour 16:00-18:00 and dinner 17:00 onward; weekend brunch and dinner are separate."
"Takeout/Curbside","Finalist","Blue Ridge Grill","44065 Ashburn Shopping Plaza, Ashburn, VA 20147","39.04287","-77.47545","http://brgrill.com/","(703) 729-0100","11:00-21:30","11:00-21:30","11:00-21:30","11:00-21:30","11:00-22:00","11:00-22:00","10:00-21:00","https://brgrill.com/ashburn/","2026-10-06",""
"Takeout/Curbside","Finalist","Blue Ridge Grill","22865 Brambleton Plaza Brambleton, VA 20148","38.98468","-77.53699","http://brgrill.com/","(703) 327-1047","11:00-21:30","11:00-21:30","11:00-21:30","11:00-21:30","11:00-22:00","11:00-22:00","10:00-21:00","https://brgrill.com/brambleton/","2026-10-06",""
"Takeout/Curbside","Finalist","Blue Ridge Grill","955 Edwards Ferry Rd, Leesburg, VA 20176","39.11388","-77.52317","http://brgrill.com/","(703) 669-5505","11:00-21:30","11:00-21:30","11:00-21:30","11:00-21:30","11:00-22:00","11:00-22:00","10:00-21:00","https://brgrill.com/leesburg/","2026-10-06",""
"Takeout/Curbside","Top 5","Lost Barrel Brewing","36138 Little River Tpke, Middleburg, VA 20117","38.96957","-77.75612","http://lostbarrel.com/","540-326-4631","12:00-20:00","Closed","Closed","12:00-21:00","12:00-22:00","11:00-22:00","11:00-21:00","http://lostbarrel.com/","2026-10-06",""
"Takeout/Curbside","Top 5","Solo NY Pizza","700 Fieldstone Dr, Leesburg, VA 20176","39.12544","-77.54761","https://solonypizza.com/","(571) 510-3909","11:00-21:00","11:00-21:00","11:00-21:00","11:00-21:00","11:00-22:00","11:00-22:00","Closed","https://solonypizza.com/","2026-10-06",""
"Thai Restaurant","Winner","Sense of Thai St.","20413 Exchange St, Ashburn, VA 20147","39.051302","-77.454139","https://www.senseofthai.com/","(703) 858-1980","","","","","","","","","2026-10-06","No reliable branch-specific weekly schedule verified from the supplied website in this pass."
"Thai Restaurant","Finalist","Finn Thai Ashburn","44795 Dulles Overlook Drive Ashburn, VA 20147","39.05215","-77.45021","https://www.finnthai.com/","+(1571) 333-5000","","","","","","","","","2026-10-06","No reliable branch-specific weekly schedule verified from the supplied website in this pass."
"Thai Restaurant","Finalist","Finn Thai Reston","1466 North Point Village Center, Reston, VA 20194","38.97884","-77.35034","https://www.finnthai.com/","+(1571) 313- 0602","","","","","","","","","2026-10-06","No reliable branch-specific weekly schedule verified from the supplied website in this pass."
"Thai Restaurant","Finalist","Finn Thai Great Falls","752a Walker Rd, Great Falls, VA 22066","39.02708","-77.29405","https://www.finnthai.com/","+1(703) 757-7052","","","","","","","","","2026-10-06","No reliable branch-specific weekly schedule verified from the supplied website in this pass."
"Thai Restaurant","Finalist","Finn Thai Restaurant & Bar","126 N Maple Ave, Purcellville, VA 20132","39.13809","-77.70487","https://www.finnthai.com/","+1(540) 751-1300","","","","","","","","","2026-10-06","No reliable branch-specific weekly schedule verified from the supplied website in this pass."
"Thai Restaurant","Finalist","The Thai Pan","2 Harrison St, Leesburg, VA 20175","39.11356","-77.5613","https://www.beyondmenu.com/53666/leesburg/the-thai-pan-leesburg-20175.aspx","(703) 777-9487","11:00-15:00; 16:30-21:30","11:00-15:00; 16:30-21:30","11:00-15:00; 16:30-21:30","11:00-15:00; 16:30-21:30","11:00-15:00; 16:30-21:30","12:00-21:30","12:00-21:00","https://www.beyondmenu.com/53666/leesburg/the-thai-pan-leesburg-20175/info.aspx","2026-10-06","Official website links to BeyondMenu. Pickup hours used; delivery ends earlier."
"Thai Restaurant","Top 5","My Home Thai Bistro","19890 Belmont Chase Dr, Ashburn, VA 20147","39.06582","-77.48513","http://myhomethaibistro.com/","(703) 476-0000","","","","","","","","","2026-10-06","No reliable branch-specific weekly schedule verified from the supplied website in this pass."
"Thai Restaurant","Top 5","My Thai Place","42385 Ryan Rd Ste 104, Brambleton, VA 20148","38.98615","-77.53712","https://www.mythaiplace.com/","(703) 327-5900","","","","","","","","","2026-10-06","No reliable branch-specific weekly schedule verified from the supplied website in this pass."
"Vietnamese Restaurant","Winner","Pho-Nomenal","20447 Exchange St, Ashburn, VA 20147","39.050342","-77.453994","https://www.phonomenalashburn.com/","(571) 293-9518","11:00-21:00","11:00-21:00","11:00-21:00","11:00-21:00","11:00-21:30","11:00-21:30","11:00-21:00","https://www.phonomenalashburn.com/","2026-10-06",""
"Vietnamese Restaurant","Finalist","4 Sisters Asian Snack Bar","43670 Greenway Corporate Drive Suite 106, Ashburn, VA 20147","39.00959","-77.4914","https://www.foursisterssnackbar.com/","(571) 510-3978","11:30-19:00","Closed","11:30-19:00","11:30-19:00","11:30-19:00","11:30-19:00","11:30-18:00","https://www.foursisterssnackbar.com/","2026-10-06",""
"Vietnamese Restaurant","Finalist","Pho Royal - Sterling","46839 Maple Leaf Pl Suite 145, Sterling, VA 20164","39.0197","-77.3798","https://www.phoroyalsterling.com/","+1(703) 444-4778","10:00-20:30","10:00-20:30","10:00-20:30","10:00-20:30","10:00-20:30","10:00-20:30","10:00-20:30","https://www.phoroyalsterling.com/","2026-10-06",""
"Vietnamese Restaurant","Finalist","Pho Royal - Leesburg","542 Fort Evans Rd, Leesburg, VA 20176","39.10599","-77.52706","","+1(703) 779-1774","","","","","","","","","2026-10-06","No reliable branch-specific weekly schedule verified from the supplied website in this pass."
"Vietnamese Restaurant","Finalist","Viet Fire Kitchen","44650 Waxpool Rd Ste 125, Ashburn, VA 20147","39.0136393","-77.460277","https://order.toasttab.com/online/viet-fire-kitchen","(703) 443-4925","","","","","","","","","2026-10-06","No reliable branch-specific weekly schedule verified from the supplied website in this pass."
"Vietnamese Restaurant","Top 5","Pho Bar","19385 Promenade Dr, Leesburg, VA 20176","39.08106","-77.49482","https://phobarva.net/","(571) 831-3730","","","","","","","","","2026-10-06","No reliable branch-specific weekly schedule verified from the supplied website in this pass."
"Wings","Winner","Buffalo Wing Factory - Sterling","22034 Shaw Rd, Sterling, VA 20164","39.00362","-77.4311","https://www.buffalowingfactory.com/","+1(703) 406-0505","","","","","","","","","2026-10-06","No reliable branch-specific weekly schedule verified from the supplied website in this pass."
"Wings","Winner","Buffalo Wing Factory -Ashburn","43761 Parkhurst Plaza Suite 100, Ashburn, VA 20147","39.02915","-77.48636","https://www.buffalowingfactory.com/","+1(703) 729-4200","","","","","","","","","2026-10-06","No reliable branch-specific weekly schedule verified from the supplied website in this pass."
"Wings","Winner","Buffalo Wing Factory - Reston","2260 Hunters Woods Plaza Suite D, Reston, VA 20191","38.93677","-77.36168","https://www.buffalowingfactory.com/","+1(703) 390-9015","11:00-22:00","11:00-21:00","11:00-22:00","11:00-22:00","11:00-23:00","11:00-23:00","11:00-22:00","https://www.buffalowingfactory.com/locations/reston/","2026-10-06",""
"Wings","Winner","Buffalo Wing Factory - Leesburg","565 Compass Pt Plz Suite 100, Leesburg, VA 20175","39.08254","-77.56319","https://www.buffalowingfactory.com/","+1(571) 888-3535","","","","","","","","","2026-10-06","No reliable branch-specific weekly schedule verified from the supplied website in this pass."
"Wings","Finalist","Anchor Bar","1609 Village Market Blvd, Leesburg, VA 20175","39.087812","-77.523877","https://www.anchorbar.com/locations/leesburg-va/","(703) 891-0744","11:00-22:00","11:00-22:00","11:00-22:00","11:00-22:00","11:00-23:00","11:00-23:00","11:00-22:00","https://www.anchorbar.com/locations/leesburg-va/","2026-10-06","Regular hours; one-off early football opening is not treated as a recurring schedule."
"Wings","Finalist","Lark Brewing Co.","24205 James Monroe Highway, Aldie, VA 20105","38.94853","-77.62292","https://www.larkbrewingco.com/","(571) 347-5275","","","","","11:00-22:00","11:00-22:00","11:00-20:00","https://www.larkbrewingco.com/visit/","2026-10-06","Monday-Thursday closing conflicts on the same official page (20:00 versus 21:00); these days blank. Private reservations may cause early closures."
"Wings","Top 5","American Legion Post 293","112 N 21st St, Purcellville, VA 20132","39.13802","-77.71575","https://www.vapost293.org/","(540) 338-0910","","","","","","","","","2026-10-06","No reliable branch-specific weekly schedule verified from the supplied website in this pass."
"Wings","Top 5","Blue Ridge Grill","44065 Ashburn Shopping Plaza, Ashburn, VA 20147","39.04287","-77.47545","http://brgrill.com/","(703) 729-0100","11:00-21:30","11:00-21:30","11:00-21:30","11:00-21:30","11:00-22:00","11:00-22:00","10:00-21:00","https://brgrill.com/ashburn/","2026-10-06",""
"Wings","Top 5","Blue Ridge Grill","22865 Brambleton Plaza Brambleton, VA 20148","38.98468","-77.53699","http://brgrill.com/","(703) 327-1047","11:00-21:30","11:00-21:30","11:00-21:30","11:00-21:30","11:00-22:00","11:00-22:00","10:00-21:00","https://brgrill.com/brambleton/","2026-10-06",""
"Wings","Top 5","Blue Ridge Grill","955 Edwards Ferry Rd, Leesburg, VA 20176","39.11388","-77.52317","http://brgrill.com/","(703) 669-5505","11:00-21:30","11:00-21:30","11:00-21:30","11:00-21:30","11:00-22:00","11:00-22:00","10:00-21:00","https://brgrill.com/leesburg/","2026-10-06",""
