street address,city,state,zip code,latitude,longitude
251 North 21st Street,Purcellville,Virginia,20132,39.13925,-77.71798
Russell Branch Parkway,Ashburn,Virginia,20417,39.05681,-77.46577
East Market Street,Leesburg,Virginia,20176,39.10093,-77.53805
Little River Turnpike,Aldie,Virginia,20117,38.96784,-77.61928
201 North Maple Avenue,Purcellville,Virginia,20132,39.13844,-77.70602
220 Loudoun Street Southeast,Leesburg,Virginia,20175,39.11312,-77.56047
Catoctin Circle Southeast,Leesburg,Virginia,20175,39.10748,-77.55872
203 Harrison Street Southeast,Leesburg,Virginia,20175,39.11269,-77.56271
42020 Village Center Plaza,Aldie,Virginia,20105,38.93961,-77.54765
20937 Ashburn Road,Ashburn,Virginia,20147,39.039,-77.487
105 South King Street,Leesburg,Virginia,20175,39.11399,-77.56546
44065 Ashburn Shopping Plaza,Ashburn,Virginia,20147,39.04287,-77.47545
7 West Market Street,Leesburg,Virginia,20176,39.1155,-77.5651
45665 West Church Road,Sterling,Virginia,20164,39.00503,-77.42717
538 East Market Street,Leesburg,Virginia,20176,39.10859,-77.55146
44065 Ashburn Shopping Plaza,Ashburn,Virginia,20147,39.04287,-77.47545
22865 Brambleton Plaza,Brambleton,Virginia,20146,38.98468,-77.53699
Edwards Ferry Road,Leesburg,Virginia,20176,39.11388,-77.52317
198 North 21st Street,Purcellville,Virginia,20132,39.13834,-77.71565
203 Harrison Street Southeast,Leesburg,Virginia,20175,39.11269,-77.56271
22855 Brambleton Plaza,Brambleton,Virginia,20148,38.98489,-77.53685
42920 Broadlands Boulevard,Broadlands,Virginia,20147,39.03212,-77.51664
12 South King Street,Leesburg,Virginia,20175,39.11502,-77.56463
20937 Ashburn Road,Ashburn,Virginia,20147,39.039,-77.487
44065 Ashburn Shopping Plaza,Ashburn,Virginia,20147,39.04287,-77.47545
46116 Lake Center Plaza,Sterling,Virginia,20165,39.03299,-77.40364
Russell Branch Parkway,Ashburn,Virginia,20417,39.05681,-77.46577
251 North 21st Street,Purcellville,Virginia,20132,39.13925,-77.71798
203 Harrison Street Southeast,Leesburg,Virginia,20175,39.11269,-77.56271
44065 Ashburn Shopping Plaza,Ashburn,Virginia,20147,39.04287,-77.47545
22865 Brambleton Plaza,Brambleton,Virginia,20146,38.98468,-77.53699
Edwards Ferry Road,Leesburg,Virginia,20176,39.11388,-77.52317
110 South Street Southeast,Leesburg,Virginia,20175,39.11249,-77.56393
43930 Farmwell Hunt Plaza,Ashburn,Virginia,20147,39.02355,-77.48088
5 South King Street,Leesburg,Virginia,20175,39.11526,-77.56479
42882 Truro Parish Drive,Ashburn,Virginia,20148,39.01836,-77.5188
East Main Street,Purcellville,Virginia,20132,39.13666,-77.71128
101 East Market Street,Leesburg,Virginia,20176,39.1148,-77.56297
550 East Main Street,Purcellville,Virginia,20132,39.13627,-77.70645
208 Church Street Southeast,Leesburg,Virginia,20175,39.11299,-77.56382
11 East Pennsylvania Avenue,Lovettsville,Virginia,20180,39.27306,-77.63762
216 South King Street,Leesburg,Virginia,20178,39.11261,-77.56562
203 Harrison Street Southeast,Leesburg,Virginia,20175,39.11269,-77.56271
8 Fort Evans Road Northeast,Leesburg,Virginia,20176,39.10759,-77.54832
211 Gibson Street Northwest,Leesburg,Virginia,20176,39.11914,-77.56786
38 Catoctin Circle Southeast,Leesburg,Virginia,20175,39.10717,-77.56618
19350 Diamond Lake Drive,Leesburg,Virginia,20176,39.08128,-77.49324
107 South King Street,Leesburg,Virginia,20175,39.11386,-77.5654
141 West Main Street,Purcellville,Virginia,20132,39.13684,-77.71548
220 Loudoun Street Southeast,Leesburg,Virginia,20175,39.11312,-77.56047
35246 Leesburg Pike,Round Hill,Virginia,20141,39.12787,-77.78729
251 North 21st Street,Purcellville,Virginia,20132,39.13925,-77.71798
44065 Ashburn Shopping Plaza,Ashburn,Virginia,20147,39.04287,-77.47545
22865 Brambleton Plaza,Brambleton,Virginia,20146,38.98468,-77.53699
Edwards Ferry Road,Leesburg,Virginia,20176,39.11388,-77.52317
,,,,,
201 Harrison Street Southeast,Leesburg,Virginia,20175,39.11288,-77.56285
44065 Ashburn Shopping Plaza,Ashburn,Virginia,20147,39.04287,-77.47545
22865 Brambleton Plaza,Brambleton,Virginia,20146,38.98468,-77.53699
Edwards Ferry Road,Leesburg,Virginia,20176,39.11388,-77.52317
700 Fieldstone Drive Northeast,Leesburg,Virginia,20176,39.12544,-77.54761
112 North 21st Street,Purcellville,Virginia,20132,39.13802,-77.71575
39285 Little River Turnpike,Aldie,Virginia,20117,38.97626,-77.64577
203 Harrison Street Southeast,Leesburg,Virginia,20175,39.11269,-77.56271
22855 Brambleton Plaza,Brambleton,Virginia,20148,38.98489,-77.53685
198 North 21st Street,Purcellville,Virginia,20132,39.13834,-77.71565
44065 Ashburn Shopping Plaza,Ashburn,Virginia,20147,39.04287,-77.47545
22865 Brambleton Plaza,Brambleton,Virginia,20146,38.98468,-77.53699
Edwards Ferry Road,Leesburg,Virginia,20176,39.11388,-77.52317
39285 Little River Turnpike,Aldie,Virginia,20117,38.97626,-77.64577
Russell Branch Parkway,Ashburn,Virginia,20417,39.05681,-77.46577
19308 Promenade Drive,Leesburg,Virginia,20176,39.08231,-77.49541
37098 Charles Town Pike,Hillsboro,Virginia,20132,39.19845,-77.7204
39359 Little River Turnpike,Aldie,Virginia,20105,38.97616,-77.64462
East Market Street,Leesburg,Virginia,20176,39.10093,-77.53805
525 East Market Street,Leesburg,Virginia,20176,39.10804,-77.55256
44065 Ashburn Shopping Plaza,Ashburn,Virginia,20147,39.04287,-77.47545
22865 Brambleton Plaza,Brambleton,Virginia,20146,38.98468,-77.53699
Edwards Ferry Road,Leesburg,Virginia,20176,39.11388,-77.52317
44795 Dulles Overlook Drive,Ashburn,Virginia,20147,39.05215,-77.45021
46220 Potomac Run Plaza,Sterling,Virginia,20164,39.02747,-77.40099
1024 Seneca Road,Great Falls,Virginia,22066,39.00144,-77.34457
44650 Waxpool Road,Ashburn,Virginia,20147,39.013,-77.46145
Edwards Ferry Road,Leesburg,Virginia,20176,39.11388,-77.52317
308 Kellys Ford Plaza Southeast,Leesburg,Virginia,20175,39.0888,-77.55782
42020 Village Center Plaza,Aldie,Virginia,20105,38.93961,-77.54765
145 West Main Street,Purcellville,Virginia,20132,39.13685,-77.71561
44065 Ashburn Shopping Plaza,Ashburn,Virginia,20147,39.04287,-77.47545
22865 Brambleton Plaza,Brambleton,Virginia,20146,38.98468,-77.53699
Edwards Ferry Road,Leesburg,Virginia,20176,39.11388,-77.52317
7 West Market Street,Leesburg,Virginia,20176,39.1155,-77.5651
420 West Colonial Highway,Hamilton,Virginia,20158,39.13659,-77.67263
,,,,,
,,,,,
,,,,,
44061 Ashburn Shopping Plaza,Ashburn,Virginia,20147,39.04344,-77.47552
515 East Market Street,Leesburg,Virginia,20176,39.10888,-77.55314
,,,,,
520 Compass Point Plaza,Leesburg,Virginia,20175,39.08431,-77.56274
24431 Stone Springs Boulevard,Arcola,Virginia,20166,38.94196,-77.54442
358 Elden Street,Herndon,Virginia,20170,38.96834,-77.37433
11850 Sunrise Valley Drive,Reston,Virginia,20191,38.94784,-77.35741
3075 Centreville Road,Herndon,Virginia,20171,38.92196,-77.41687
45545 Dulles Eastern Plaza,Sterling,Virginia,20166,39.02419,-77.4243
43150 Broadlands Center Plaza,Ashburn,Virginia,20148,39.02612,-77.50767
21385 Epicerie Plaza,Sterling,Virginia,20164,39.02428,-77.39549
555 Compass Point Plaza,Leesburg,Virginia,20175,39.08281,-77.56322
42015 Village Center Plaza,Aldie,Virginia,20105,38.93931,-77.54909
107 South King Street,Leesburg,Virginia,20175,39.11386,-77.5654
141 West Main Street,Purcellville,Virginia,20132,39.13684,-77.71548
251 North 21st Street,Purcellville,Virginia,20132,39.13925,-77.71798
,,,,,
37098 Charles Town Pike,Hillsboro,Virginia,20132,39.19845,-77.7204
525 East Market Street,Leesburg,Virginia,20176,39.10804,-77.55256
22855 Brambleton Plaza,Brambleton,Virginia,20148,38.98489,-77.53685
44065 Ashburn Shopping Plaza,Ashburn,Virginia,20147,39.04287,-77.47545
22865 Brambleton Plaza,Brambleton,Virginia,20146,38.98468,-77.53699
Edwards Ferry Road,Leesburg,Virginia,20176,39.11388,-77.52317
42020 Village Center Plaza,Aldie,Virginia,20105,38.93961,-77.54765
145 West Main Street,Purcellville,Virginia,20132,39.13685,-77.71561
11 Town Center Drive,Lovettsville,Virginia,20180,39.27474,-77.6406
,,,,,
,,,,,
44260 Ice Rink Plaza,Ashburn,Virginia,20147,39.01984,-77.46962
21015 Dulles Town Circle,Dulles Town Center,Virginia,20166,39.03105,-77.42724
,,,,,
,,,,,
700 Fieldstone Drive Northeast,Leesburg,Virginia,20176,39.12544,-77.54761
620 West Main Street,Purcellville,Virginia,20132,39.13692,-77.72425
21430 Epicerie Plaza,Sterling,Virginia,20164,39.02351,-77.39476
42780 Creek View Plaza,Ashburn,Virginia,20147,39.04343,-77.52171
514 East Market Street,Leesburg,Virginia,20176,39.11023,-77.55108
,,,,,
43330 Junction Plaza,Ashburn,Virginia,20147,39.03644,-77.50089
,,,,,
1602 Village Market Boulevard Southeast,Leesburg,Virginia,20175,39.09067,-77.52616
43330 Junction Plaza,Ashburn,Virginia,20147,39.03644,-77.50089
,,,,,
21950 Cascades Parkway,Sterling,Virginia,20164,39.00878,-77.41684
,,,,,
44110 Ashburn Shopping Plaza,Ashburn,Virginia,20147,39.04448,-77.47422
302 Industrial Court Southeast,Leesburg,Virginia,20175,39.10788,-77.55927
42395 Ryan Road,Ashburn,Virginia,20148,38.98559,-77.53619
510 East Market Street,Leesburg,Virginia,20176,39.11081,-77.55171
44632 Guilford Drive,Ashburn,Virginia,20147,39.02299,-77.45588
,,,,,
5 Fort Evans Road Northeast,Leesburg,Virginia,20176,39.10704,-77.54806
1020 East Main Street,Purcellville,Virginia,20132,39.13501,-77.69814
Loudoun Street Southeast,Leesburg,Virginia,20175,39.11283,-77.55984
200 Fort Evans Road Northeast,Leesburg,Virginia,20176,39.11069,-77.53695
42920 Broadlands Boulevard,Broadlands,Virginia,20147,39.03212,-77.51664
201 Harrison Street Southeast,Leesburg,Virginia,20175,39.11288,-77.56285
,,,,,
44065 Ashburn Shopping Plaza,Ashburn,Virginia,20147,39.04287,-77.47545
22865 Brambleton Plaza,Brambleton,Virginia,20146,38.98468,-77.53699
Edwards Ferry Road,Leesburg,Virginia,20176,39.11388,-77.52317
17 North King Street,Leesburg,Virginia,20176,39.11605,-77.56444
203 Harrison Street Southeast,Leesburg,Virginia,20175,39.11269,-77.56271
44065 Ashburn Shopping Plaza,Ashburn,Virginia,20147,39.04287,-77.47545
22865 Brambleton Plaza,Brambleton,Virginia,20146,38.98468,-77.53699
Edwards Ferry Road,Leesburg,Virginia,20176,39.11388,-77.52317
198 North 21st Street,Purcellville,Virginia,20132,39.13834,-77.71565
22855 Brambleton Plaza,Brambleton,Virginia,20148,38.98489,-77.53685
46116 Lake Center Plaza,Sterling,Virginia,20165,39.03299,-77.40364
201 Harrison Street Southeast,Leesburg,Virginia,20175,39.11288,-77.56285
43930 Farmwell Hunt Plaza,Ashburn,Virginia,20147,39.02359,-77.48085
700 Fieldstone Drive Northeast,Leesburg,Virginia,20176,39.12544,-77.54761
609 East Main Street,Purcellville,Virginia,20132,39.1375,-77.70732
20691 Ashburn Road,Ashburn,Virginia,20147,39.04505,-77.4879
203 Harrison Street Southeast,Leesburg,Virginia,20175,39.11269,-77.56271
22855 Brambleton Plaza,Brambleton,Virginia,20148,38.98489,-77.53685
44065 Ashburn Shopping Plaza,Ashburn,Virginia,20147,39.04287,-77.47545
22865 Brambleton Plaza,Brambleton,Virginia,20146,38.98468,-77.53699
Edwards Ferry Road,Leesburg,Virginia,20176,39.11388,-77.52317
42020 Village Center Plaza,Aldie,Virginia,20105,38.93961,-77.54765
198 North 21st Street,Purcellville,Virginia,20132,39.13834,-77.71565
11 North King Street,Leesburg,Virginia,20176,39.11588,-77.56452
22855 Brambleton Plaza,Brambleton,Virginia,20148,38.98489,-77.53685
203 Harrison Street Southeast,Leesburg,Virginia,20175,39.11269,-77.56271
44065 Ashburn Shopping Plaza,Ashburn,Virginia,20147,39.04287,-77.47545
22865 Brambleton Plaza,Brambleton,Virginia,20146,38.98468,-77.53699
Edwards Ferry Road,Leesburg,Virginia,20176,39.11388,-77.52317
198 North 21st Street,Purcellville,Virginia,20132,39.13834,-77.71565
203 Harrison Street Southeast,Leesburg,Virginia,20175,39.11269,-77.56271
44065 Ashburn Shopping Plaza,Ashburn,Virginia,20147,39.04287,-77.47545
22865 Brambleton Plaza,Brambleton,Virginia,20146,38.98468,-77.53699
Edwards Ferry Road,Leesburg,Virginia,20176,39.11388,-77.52317
211 Gibson Street Northwest,Leesburg,Virginia,20176,39.11914,-77.56786
20050 Ashbrook Commons Plaza,Ashburn,Virginia,20147,39.06222,-77.47124
19350 Diamond Lake Drive,Leesburg,Virginia,20176,39.08128,-77.49324
44260 Ice Rink Plaza,Ashburn,Virginia,20147,39.01984,-77.46962
19308 Promenade Drive,Leesburg,Virginia,20176,39.08231,-77.49541
12 South King Street,Leesburg,Virginia,20175,39.11502,-77.56463
1 East Washington Street,Middleburg,Virginia,20117,38.96891,-77.73524
420 West Colonial Highway,Hamilton,Virginia,20158,39.13659,-77.67263
22855 Brambleton Plaza,Brambleton,Virginia,20148,38.98489,-77.53685
44065 Ashburn Shopping Plaza,Ashburn,Virginia,20147,39.04287,-77.47545
22865 Brambleton Plaza,Brambleton,Virginia,20146,38.98468,-77.53699
Edwards Ferry Road,Leesburg,Virginia,20176,39.11388,-77.52317
20120 Lakeview Center Plaza,Ashburn,Virginia,20147,39.05897,-77.45267
22855 Brambleton Plaza,Brambleton,Virginia,20148,38.98489,-77.53685
203 Harrison Street Southeast,Leesburg,Virginia,20175,39.11269,-77.56271
44065 Ashburn Shopping Plaza,Ashburn,Virginia,20147,39.04287,-77.47545
22865 Brambleton Plaza,Brambleton,Virginia,20146,38.98468,-77.53699
Edwards Ferry Road,Leesburg,Virginia,20176,39.11388,-77.52317
19990 Riverside Commons Plaza,Ashburn,Virginia,20147,39.06383,-77.46265
42780 Creek View Plaza,Ashburn,Virginia,20147,39.04343,-77.52171
110 South Street Southeast,Leesburg,Virginia,20175,39.11249,-77.56393
,,,,,
44795 Dulles Overlook Drive,Ashburn,Virginia,20147,39.05215,-77.45021
1466 North Point Village Center,Reston,Virginia,20194,38.97884,-77.35034
Walker Road,Great Falls,Virginia,22066,39.02708,-77.29405
126 North Maple Avenue,Purcellville,Virginia,20132,39.13809,-77.70487
19302 Promenade Drive,Leesburg,Virginia,20176,39.08242,-77.49553
201 Harrison Street Southeast,Leesburg,Virginia,20175,39.11288,-77.56285
22855 Brambleton Plaza,Brambleton,Virginia,20148,38.98489,-77.53685
44065 Ashburn Shopping Plaza,Ashburn,Virginia,20147,39.04287,-77.47545
22865 Brambleton Plaza,Brambleton,Virginia,20146,38.98468,-77.53699
Edwards Ferry Road,Leesburg,Virginia,20176,39.11388,-77.52317
36138 Little River Turnpike,Middleburg,Virginia,20118,38.96957,-77.75612
700 Fieldstone Drive Northeast,Leesburg,Virginia,20176,39.12544,-77.54761
,,,,,
44795 Dulles Overlook Drive,Ashburn,Virginia,20147,39.05215,-77.45021
1466 North Point Village Center,Reston,Virginia,20194,38.97884,-77.35034
Walker Road,Great Falls,Virginia,22066,39.02708,-77.29405
126 North Maple Avenue,Purcellville,Virginia,20132,39.13809,-77.70487
2 Harrison Street Southeast,Leesburg,Virginia,20175,39.11356,-77.5613
19890 Belmont Chase Drive,Ashburn,Virginia,20147,39.06582,-77.48513
42385 Ryan Road,Brambleton,Virginia,20148,38.98615,-77.53712
,,,,,
43670 Greenway Corporate Drive,Ashburn,Virginia,20147,39.00959,-77.4914
46839 Maple Leaf Place,Sterling,Virginia,20164,39.0197,-77.3798
542 Fort Evans Road Northeast,Leesburg,Virginia,20176,39.10599,-77.52706
44650 Waxpool Road,Ashburn,Virginia,20147,39.013,-77.46145
19385 Promenade Drive,Leesburg,Virginia,20176,39.08106,-77.49482
22034 Shaw Road,Sterling,Virginia,20164,39.00362,-77.4311
43761 Parkhurst Plaza,Ashburn,Virginia,20147,39.02915,-77.48636
2260 Hunters Woods Plaza,Reston,Virginia,20191,38.93677,-77.36168
565 Compass Point Plaza,Leesburg,Virginia,20175,39.08254,-77.56319
,,,,,
24205 James Monroe Highway,Aldie,Virginia,20105,38.94853,-77.62292
112 North 21st Street,Purcellville,Virginia,20132,39.13802,-77.71575
44065 Ashburn Shopping Plaza,Ashburn,Virginia,20147,39.04287,-77.47545
22865 Brambleton Plaza,Brambleton,Virginia,20146,38.98468,-77.53699
Edwards Ferry Road,Leesburg,Virginia,20176,39.11388,-77.52317
