restaurant_name,michelin_stars,address,latitude,longitude,phone,website,cuisine,price,monday_hours,tuesday_hours,wednesday_hours,thursday_hours,friday_hours,saturday_hours,sunday_hours,narrative,michelin_url
1789,0,"1226 36th St. NW, Washington, DC, 20007, USA",38.90598,-77.07042,+1 202-965-1789,https://www.1789restaurant.com/,"American, French",$$$$,5:30 PM-9 PM,5:30 PM-9 PM,5:30 PM-9 PM,5:30 PM-9 PM,5:30 PM-9 PM,5:30 PM-9 PM,5:30 PM-9 PM,"Set across several rooms in a historic Georgetown townhouse, 1789 pairs formal surroundings with experienced service. The kitchen draws on French and American traditions for seasonal soups, meat dishes and desserts.",https://guide.michelin.com/us/en/district-of-columbia/washington-dc/restaurant/1789
Albi,1,"1346 4th St. SE, Washington, DC, 20003, USA",38.8743,-76.9998,+1 202-921-9592,https://www.albidc.com/,Middle Eastern,$$$$,closed,5 PM-10 PM,5 PM-10 PM,5 PM-10 PM,5 PM-10 PM,5 PM-10 PM,closed,"Michael Rafidi reinterprets Palestinian dishes through open-fire cooking in a lively Navy Yard setting. Fresh pita, varied hummus preparations, lamb dishes and knafeh are supported by a distinctive selection of wines, cocktails and arak.",https://guide.michelin.com/us/en/district-of-columbia/washington-dc/restaurant/albi
Amparo Fondita,0,"2002 P St. NW, Washington, DC, 20036, USA",38.90939,-77.04525,+1 202-621-8166,https://amparofondita.com/,"Mexican, Contemporary",$$,closed,5 PM-10 PM,5 PM-10 PM,5 PM-10 PM,5 PM-10 PM,11 AM-10 PM,11 AM-9 PM,"Christian Irabién’s contemporary Mexican restaurant near Dupont Circle serves shareable dishes with an emphasis on ingredient quality. Seafood, grilled meats, mole and tortillas made from corn processed in-house accompany a substantial cocktail selection.",https://guide.michelin.com/us/en/district-of-columbia/washington-dc/restaurant/amparo-fondita
Anju,0,"1805 18th St. NW, Washington, DC, 20009, USA",38.91434,-77.04156,+1 202-845-8935,https://www.anjurestaurant.com/,"Korean, Contemporary",$$$,5 PM-9 PM,5 PM-9 PM,5 PM-9 PM,5 PM-9 PM,5 PM-10 PM,11 AM-1:30 PM,11 AM-1:30 PM,"Anju serves Korean dishes intended to pair with drinks in a comfortable, lively dining room. Banchan, dumplings and family-inspired braises and rice dishes are offered alongside beer, soju and makgeolli.",https://guide.michelin.com/us/en/district-of-columbia/washington-dc/restaurant/anju
Annabelle,0,"2132 Florida Ave. NW, Washington, DC, 20008, USA",38.91278617,-77.04725685,+1 202-916-5675,https://annabelledc.com/,"Contemporary, American",$$$,5 PM-9 PM,5 PM-9 PM,5 PM-9:30 PM,5 PM-9:30 PM,5 PM-10 PM,5 PM-10 PM,closed,"Annabelle offers seasonal American cooking in an elegant Kalorama dining room with artwork and a garden-like space. Produce-focused starters, gnocchi and carefully made desserts are prominent parts of the menu.",https://guide.michelin.com/us/en/district-of-columbia/washington-dc/restaurant/annabelle
Apéro,0,"2622 P St. NW, Washington, DC, 20007, USA",38.90925,-77.05549,+1 202-525-1682,https://www.aperodc.com/,"French, Contemporary",$$$$,closed,11 AM-11 PM,11 AM-11 PM,11 AM-11 PM,closed,closed,11 AM-3 PM,Apéro specializes in Champagne and caviar while also offering French dishes such as lobster bisque. Its intimate dining room and rear garden provide a setting for a leisurely meal or drinks.,https://guide.michelin.com/us/en/district-of-columbia/washington-dc/restaurant/apero
Astoria DC,0,"1521 17th St. NW, Washington, DC, 20036, USA",38.91052,-77.03815,,https://astoriadc.com/,"Asian, Sichuan",$$,5 PM-1 AM,closed,5 PM-1 AM,5 PM-1 AM,5 PM-2 AM,5 PM-2 AM,5 PM-1 AM,"Astoria combines a lively Dupont Circle bar scene with strongly seasoned dishes influenced by Sichuan cooking. The menu accommodates both individual meals and shared orders, including cumin lamb, chili chicken and mapo tofu.",https://guide.michelin.com/us/en/district-of-columbia/washington-dc/restaurant/astoria-dc
Balos Estiatorio,0,"1940 N St. NW, Washington, DC, 20036, USA",38.90716,-77.04406,+1 202-990-1414,https://www.balosrestaurants.com/,"Greek, Mediterranean Cuisine",$$$,11:30 AM-11 PM,11:30 AM-11 PM,11:30 AM-11 PM,11:30 AM-1 AM,11:30 AM-1 AM,11:30 AM-1 AM,11:30 AM-10 PM,"Balos offers Greek favorites in spacious dining rooms decorated with olive trees and pottery. Grilled fish and meats, traditional starters, Greek wines and baklava convey a Mediterranean holiday atmosphere.",https://guide.michelin.com/us/en/district-of-columbia/washington-dc/restaurant/balos-estiatorio
Bar Chinois,0,"455 I St. NW, Washington, DC, 20001, USA",38.8951,-77.03638,+1 202-851-6250,https://www.barchinoisdc.com/,"Asian, Dim Sum",$$,5 PM-1 AM,5 PM-1 AM,5 PM-1 AM,5 PM-1 AM,5 PM-2 AM,11 AM-2 AM,5 PM-12 AM,"Bar Chinois blends a French wine-bar sensibility with Asian small plates and dim sum. Dumplings, shrimp toast and tender pork meatballs accompany inventive cocktails in a lively space.",https://guide.michelin.com/us/en/district-of-columbia/washington-dc/restaurant/bar-chinois
Bar del Monte,0,"3054 Mount Pleasant St. NW, Washington, DC, 20009, USA",38.92825,-77.03739,,https://www.bardelmonte.com/,Italian,$$,5 PM-10 PM,closed,closed,5 PM-10 PM,5 PM-10 PM,5 PM-10 PM,5 PM-10 PM,"Oliver Pastan’s small Mount Pleasant restaurant serves a changing selection of Italian small plates and house-made pizza. Walk-in dining, carefully prepared ingredients and simple desserts give it an informal neighborhood character.",https://guide.michelin.com/us/en/district-of-columbia/washington-dc/restaurant/bar-del-monte
"Beloved BBQ at Love, Makoto",0,"200 Massachusetts Ave. NW, Ste.150, Washington, DC, 20001, USA",38.89896,-77.01404,+1 202-992-7730,https://www.lovemakoto.com/,"Japanese, Steakhouse",$$$,11 AM-10 PM,11 AM-10 PM,11 AM-10 PM,11 AM-10 PM,11 AM-10 PM,11 AM-10 PM,11 AM-10 PM,"This Japanese-style steakhouse places tabletop grills at the center of its dark, dramatic dining room. Premium beef cuts lead the menu, with seafood starters and rich rice dishes adding variety.",https://guide.michelin.com/us/en/district-of-columbia/washington-dc/restaurant/beloved-bbq
BlackSalt,0,"4883 MacArthur Blvd., Washington, DC, 20007, USA",38.91775,-77.09667,+1 202-342-9101,https://www.blacksaltrestaurant.com/intro,"Seafood, American",$$$,11:30 AM-9 PM,11:30 AM-9 PM,11:30 AM-9 PM,11:30 AM-9 PM,11:30 AM-9:30 PM,11:30 AM-9:30 PM,4 PM-9 PM,BlackSalt combines a seafood market with an energetic restaurant offering shellfish and fish dishes influenced by several cuisines. Mussels and a Provençal-style seafood stew lead to desserts such as key lime pie.,https://guide.michelin.com/us/en/district-of-columbia/washington-dc/restaurant/blacksalt
Blue Duck Tavern,0,"Park Hyatt Hotel,1201 24th St. NW, Washington, DC, 20037, USA",38.9058,-77.05109,+1 202-419-6755,https://www.blueducktavern.com/,"American, American Contemporary",$$$$,6:30 AM-10:30 AM,6:30 AM-10:30 AM,6:30 AM-10:30 AM,6:30 AM-10:30 AM,6:30 AM-10:30 AM,6:30 AM-10:30 AM,6:30 AM-10:30 AM,"The Park Hyatt’s American restaurant emphasizes ingredients from named farms and suppliers. An open kitchen and wood-burning oven support classic fish and meat dishes, with desserts and an extensive tea selection to finish.",https://guide.michelin.com/us/en/district-of-columbia/washington-dc/restaurant/blue-duck-tavern
Bresca,1,"1906 14th St. NW, Washington, DC, 20009, USA",38.91576,-77.03219,+1 202-518-7926,https://www.brescadc.com/,"Contemporary, American",$$$$,closed,closed,5:30 PM-9:30 PM,5:30 PM-9:30 PM,5 PM-10 PM,5 PM-10 PM,5 PM-9:30 PM,"Ryan Ratino’s restaurant combines a neighborhood atmosphere with ambitious contemporary cooking. Inventive starters, pasta and carefully made cocktails are served in a whimsical dining room with polished, approachable service.",https://guide.michelin.com/us/en/district-of-columbia/washington-dc/restaurant/bresca
Café Riggs,0,"900 F St. NW, Washington, DC, 20004, USA",38.8951,-77.03638,+1 202-788-2800,https://www.riggsdc.com/bars-restaurants/cafe-riggs,"Contemporary, French",$$$,7 AM-9:30 PM,7 AM-9:30 PM,7 AM-9:30 PM,7 AM-9:30 PM,7 AM-9:30 PM,7 AM-9:30 PM,7 AM-9:30 PM,"This restaurant in a historic hotel combines European brasserie cooking with an Art Deco setting. The menu includes beef tartare, seafood risotto and a chocolate soufflé, with service suited to business meals and evening drinks.",https://guide.michelin.com/us/en/district-of-columbia/washington-dc/restaurant/cafe-riggs
Cane,0,"403 H St. NE, Washington, DC, 20002, USA",38.8951,-77.03638,+1 202-675-2011,https://www.cane-dc.com/,"Caribbean, Regional Cuisine",$$,11 AM-9:30 PM,11 AM-9:30 PM,11 AM-9:30 PM,11 AM-9:30 PM,11 AM-10 PM,11 AM-10 PM,1 PM-9 PM,"Cane celebrates Trinidadian street food in a compact, colorful dining room. Doubles, spicy stews, fried fish and richly braised meats convey the island’s diverse flavors and generous seasoning.",https://guide.michelin.com/us/en/district-of-columbia/washington-dc/restaurant/cane
Causa,1,"920 Blagden Alley NW, Washington, DC, 20001, USA",38.90655,-77.02475,+1 202-629-3942,https://www.causadc.com/,"Peruvian, Latin American",$$$$,closed,closed,5 PM-11 PM,5 PM-11 PM,5 PM-11 PM,5 PM-11 PM,closed,"Carlos Delgado’s small dining room explores Peru through a tasting menu shaped by Nikkei traditions. Courses move among coastal, Andean and Amazonian influences, combining Japanese techniques with Peruvian ingredients and seasonings.",https://guide.michelin.com/us/en/district-of-columbia/washington-dc/restaurant/causa
Chang Chang,0,"1200 19th St. NW, Washington, DC, 20036, USA",38.90601,-77.04371,+1 202-570-0946,https://www.changchangdc.com/,"Chinese, Asian",$$$,11:30 AM-2:30 PM,11:30 AM-2:30 PM,11:30 AM-2:30 PM,11:30 AM-2:30 PM,11:30 AM-9:30 PM,11:30 AM-9:30 PM,11:30 AM-9 PM,"Peter Chang’s Dupont Circle restaurant gives classic Chinese dishes a polished presentation. Carefully prepared dumplings, prawns, vegetables and Beijing duck lead to desserts by Pichet Ong.",https://guide.michelin.com/us/en/district-of-columbia/washington-dc/restaurant/chang-chang
Chaplin's,0,"1501 9th St. NW, Washington, DC, 20001, USA",38.90978,-77.02366,+1 202-644-8806,https://www.chaplinsdc.com/,"Asian, Ramen",$$,4 PM-12:45 AM,4 PM-12:45 AM,4 PM-12:45 AM,4 PM-12:45 AM,4 PM-1:45 AM,12 PM-1:45 AM,12 PM-12:45 AM,"Myo Htun’s Shaw restaurant combines inventive cocktails with a varied ramen menu. Hot and cold noodle preparations share the menu with dumplings, small plates and rich desserts.",https://guide.michelin.com/us/en/district-of-columbia/washington-dc/restaurant/chaplin-s
Chloe,0,"1331 4th St. SE, Washington, DC, 20003, USA",38.8743,-77.00096,+1 202-313-7007,https://restaurantchloe.com/,"International, American",$$$,5 PM-9:30 PM,5 PM-9:30 PM,5 PM-9:30 PM,5 PM-9:30 PM,5 PM-10:30 PM,11 AM-10:30 PM,11 AM-9 PM,"Haidar Karoum’s Navy Yard restaurant offers globally influenced plates intended for sharing. Seafood starters, hummus with meat, pasta and simple desserts reflect the chef’s varied culinary background.",https://guide.michelin.com/us/en/district-of-columbia/washington-dc/restaurant/chloe
Cucina Morini,0,"901 4th St. NW, Washington, DC, 20001, USA",38.8951,-77.03638,+1 202-697-6888,https://www.cucinamorini.com/,Italian,$$$,5 PM-9:30 PM,5 PM-9:30 PM,5 PM-9:30 PM,5 PM-9:30 PM,5 PM-10:30 PM,5 PM-10:30 PM,5 PM-9 PM,"Cucina Morini serves a Sicilian-influenced menu in a lively setting with a busy bar. Seafood starters, thick focaccia-style bread and house-made pasta, available in smaller portions, encourage sampling several dishes.",https://guide.michelin.com/us/en/district-of-columbia/washington-dc/restaurant/cucina-morini
Daru,0,"1451 Maryland Ave. NE, Washington, DC, 20002, USA",38.89965,-76.98385,+1 202-388-1848,https://www.darudc.com/,"Indian, Regional Cuisine",$$,5 PM-10 PM,5 PM-10 PM,5 PM-10 PM,5 PM-10 PM,5 PM-10 PM,5 PM-10 PM,5 PM-10 PM,"Dante Datta and Suresh Sundas reinterpret Indian dishes with unexpected ingredients and bold seasoning. Tandoori preparations, bison dumplings and a coconut-rich lamb shank illustrate the kitchen’s approach.",https://guide.michelin.com/us/en/district-of-columbia/washington-dc/restaurant/daru
Das Ethiopian Cuisine,0,"1201 28th St. NW, Washington, DC, 20007, USA",38.90539,-77.05687,+1 202-333-4710,https://www.dasethiopian.com/,"Ethiopian, African",$$,closed,5 PM-9:30 PM,5 PM-9:30 PM,11 AM-10 PM,11 AM-10 PM,11 AM-10 PM,11 AM-10 PM,"Das serves Ethiopian food in a Georgetown townhouse, with slow-cooked stews, sautéed dishes and numerous vegetarian choices. Injera accompanies the main courses, while the dessert menu takes a European direction.",https://guide.michelin.com/us/en/district-of-columbia/washington-dc/restaurant/das
Dauphine's,0,"1100 15th St. NW, Washington, DC, 20005, USA",38.90454,-77.03558,+1 202-758-3785,https://www.dauphinesdc.com/,"Creole, Creative",$$,4 PM-10 PM,4 PM-10 PM,4 PM-10 PM,4 PM-10 PM,4 PM-10 PM,11 AM-10 PM,11 AM-9 PM,"Dauphine’s brings New Orleans cooking to a spacious, multilevel restaurant with a lively bar. Seafood preparations, fresh bread and rich desserts anchor a menu that emphasizes generous flavor over elaborate presentation.",https://guide.michelin.com/us/en/district-of-columbia/washington-dc/restaurant/dauphine-s
Del Mar,0,"791 Wharf St. SW, Washington, DC, 20024, USA",38.87899,-77.02468,+1 202-588-7272,https://www.delmardc.com/,"Spanish, Basque",$$$$,3 PM-8 PM,12 PM-9:30 PM,12 PM-9:30 PM,12 PM-9:30 PM,12 PM-9:30 PM,12 PM-9:30 PM,12 PM-8 PM,"Fabio Trabocchi’s waterfront restaurant presents Spanish cooking in a large, coastal-inspired dining room. Seafood, paella and other classics are complemented by a notable selection of Spanish wines and vermouth.",https://guide.michelin.com/us/en/district-of-columbia/washington-dc/restaurant/del-mar
Dōgon,0,"Salamander Hotel,1330 Maryland Ave. SW, Washington, DC, 20024, USA",38.88359948,-77.03022541,+1 855-228-6325,https://www.salamanderdc.com/dining/dogon/,"African, Caribbean",$$$$,closed,5 PM-10 PM,5 PM-10 PM,5 PM-10 PM,5 PM-10 PM,5 PM-10 PM,closed,"At the Salamander Hotel, Kwame Onwuachi draws on African and Caribbean food traditions while acknowledging Washington’s history. Shareable dishes feature assertive seasoning, inventive presentations and a drinks program with both alcoholic and alcohol-free choices.",https://guide.michelin.com/us/en/district-of-columbia/washington-dc/restaurant/dogon
El Secreto de Rosita,0,"1624 U St. NW, Washington, DC, 20009, USA",38.9168,-77.0379,+1 202-234-8400,https://www.elsecretoderosita.com/,"Peruvian, Latin American",$$$,closed,4 PM-11 PM,4 PM-11 PM,4 PM-11 PM,closed,closed,11 AM-11 PM,"This intimate restaurant centers on Peruvian cooking while acknowledging the country’s European and Asian influences. Fish preparations, chicken dishes and fried rice accompany cocktails in a softly decorated dining room.",https://guide.michelin.com/us/en/district-of-columbia/washington-dc/restaurant/el-secreto-de-rosita
Elcielo Bistró DC,0,"1280 4th St. NE, Washington, DC, 20002, USA",38.90881,-76.99961,+1 202-569-9855,https://elcielo.com.co/washington/,"Latin American, Modern Cuisine",$$$$,5 PM-11:30 PM,closed,5 PM-11:30 PM,5 PM-11:30 PM,5 PM-11:30 PM,5 PM-11:30 PM,6 PM-11PM,"This Union Market bistro offers an à la carte introduction to Juan Manuel Barrientos’s Colombian-inspired cooking. Seafood starters, empanadas and meat dishes are served in a bright, contemporary space alongside a cocktail bar.",https://guide.michelin.com/us/en/district-of-columbia/washington-dc/restaurant/elcielo-bistro-dc
Elcielo Washington DC,1,"1280 4th St. NE, Washington, DC, 20002, USA",38.90881,-76.99961,+1 202-569-9855,https://elcielowashington.com/,"Colombian, Contemporary",$$$$,5 PM-11:30 PM,closed,5 PM-11:30 PM,5 PM-11:30 PM,5 PM-11:30 PM,5 PM-11:30 PM,6 PM-11 PM,"Juan Manuel Barrientos presents Colombian ingredients and food traditions through theatrical tasting menus near Union Market. The experience combines personal storytelling, elaborate presentation and attentive service across two dining rooms.",https://guide.michelin.com/us/en/district-of-columbia/washington-dc/restaurant/elcielo-d-c
Elfegne,0,"2420 18th St. NW, Washington, DC, 20009, USA",38.92132,-77.04245,+1 202-667-4700,https://elfegnedc.com/Home/,"Ethiopian, Regional Cuisine",$$,5 PM-10 PM,5 PM-10 PM,5 PM-10 PM,5 PM-10 PM,12 PM-10 PM,12 PM-10 PM,12 PM-10 PM,"Elfegne offers family-run Ethiopian dining in a spacious, welcoming Adams Morgan setting. Injera accompanies stews, seasoned lamb, lentils and vegetables designed for communal eating.",https://guide.michelin.com/us/en/district-of-columbia/washington-dc/restaurant/zenebech
Ellē,0,"3221 Mt. Pleasant St. NW, Washington, DC, 20010, USA",38.93183,-77.03829,+1 202-652-0040,https://www.eatatelle.com/,"Contemporary, Bakery",$$,8 AM-3 PM,8 AM-9 PM,8 AM-9 PM,8 AM-9 PM,8 AM-9 PM,8 AM-9 PM,8 AM-3 PM,"Set in a former neighborhood bakery, Ellē serves pastries and sandwiches during the day before shifting to inventive dinner dishes. Fermentation and unusual flavor pairings shape the evening menu, alongside a seasonally changing cheesecake.",https://guide.michelin.com/us/en/district-of-columbia/washington-dc/restaurant/elle
Elmina,0,"2208 14th St. NW, Washington, DC, 20009, USA",38.91954,-77.03221,+1 202-519-1544,https://www.elminarestaurant.com/,"African, Contemporary",$$$$,closed,closed,5 PM-10 PM,5 PM-10 PM,5 PM-11 PM,5 PM-11 PM,4 PM-9 PM,"Eric Adjepong explores Ghanaian and other West African flavors through a tasting menu and a separate bar menu. Seafood, goat, fufu and richly flavored sauces are served in a stylish, welcoming space.",https://guide.michelin.com/us/en/district-of-columbia/washington-dc/restaurant/elmina
Family Ethiopian,0,"1414 9th St. NW, Washington, DC, 20001, USA",38.90915,-77.02424,+1 202-629-2084,https://www.familyethiopianrestaurant.com/,"Ethiopian, Regional Cuisine",$$,11 AM-11 PM,11 AM-11 PM,11 AM-11 PM,11 AM-11 PM,11 AM-11 PM,11 AM-11 PM,11 AM-11 PM,"This sibling-owned restaurant serves Ethiopian cooking in a bright, art-filled space. Mixed platters provide a way to sample vegetable and meat dishes, using injera to gather richly seasoned stews and greens.",https://guide.michelin.com/us/en/district-of-columbia/washington-dc/restaurant/family-ethiopian
Fiola,1,"601 Pennsylvania Ave. NW, Washington, DC, 20004, USA",38.8933,-77.0205,+1 202-628-2888,https://www.fioladc.com/,"Italian, Contemporary",$$$$,closed,5 PM-9 PM,5 PM-9 PM,5 PM-9 PM,5 PM-9 PM,5 PM-9 PM,closed,Fiola combines polished service with Italian cooking that draws from several regional traditions. Classic foundations meet modern presentation in dishes such as filled pasta and carefully composed meat courses.,https://guide.michelin.com/us/en/district-of-columbia/washington-dc/restaurant/fiola
Fiola Mare,0,"3050 K St. NW, Ste. 101, Washington, DC, 20007, USA",38.90167,-77.06096,+1 202-350-4982,https://www.fiolamaredc.com/,"Seafood, Contemporary",$$$$,3 PM-9:30 PM,11:30 AM-10 PM,11:30 AM-10 PM,11:30 AM-10 PM,11:30 AM-10:30 PM,11 AM-10:30 PM,11 AM-9:30 PM,"Fiola Mare combines Potomac views with a seafood-focused menu from Fabio Trabocchi. Crudo, grilled fish, pasta and the signature lobster ravioli are served in a spacious dining room with outdoor seating.",https://guide.michelin.com/us/en/district-of-columbia/washington-dc/restaurant/fiola-mare
Fish Shop,0,"610 Water St. SW, Washington, DC, 20024, USA",38.87598,-77.02116,+1 771-216-3100,https://fishshopdc.com/,Fish and Seafood,$$$,closed,5 PM-9 PM,11:30 AM-9 PM,11:30 AM-9 PM,11:30 AM-10 PM,11 AM-10 PM,11 AM-10 PM,"Fish Shop links its Scottish sibling’s seafood focus with ingredients and preparations from the Mid-Atlantic. Marina views, Chesapeake fish and dishes such as a Maryland crab crumpet define the experience.",https://guide.michelin.com/us/en/district-of-columbia/washington-dc/restaurant/fish-shop-1219293
Grazie Nonna,0,"1100 15th St. NW, Washington, DC, 20005, USA",38.90454,-77.03558,+1 202-989-0307,https://www.grazienonnaxoxo.com/,"Italian-American, Pizza",$$$,11:30 AM-3 PM,11:30 AM-3 PM,11:30 AM-3 PM,11:30 AM-3 PM,11:30 AM-3 PM,11 AM-3 PM,11 AM-3 PM,"Grazie Nonna revisits Italian-American family cooking with careful preparation and quality ingredients. Pizza, pasta, clams casino and substantial chicken dishes accompany a lively bar scene.",https://guide.michelin.com/us/en/district-of-columbia/washington-dc/restaurant/grazie-nonna
Hank’s Oyster Bar,0,"1624 Q St. NW, Washington, DC, 20009, USA",38.91099,-77.03812,+1 202-462-4265,https://hanksoysterbar.com/dupont-circle/,"Seafood, Oyster Specialities",$$,4 PM-9 PM,4 PM-9 PM,4 PM-9 PM,4 PM-9 PM,4 PM-9 PM,11 AM-10PM,11 AM-10PM,"Hank’s offers a casual seafood meal with a raw bar, several oyster preparations and coastal favorites. Lobster rolls, chowder and crab-cake sandwiches can be enjoyed indoors or on the front patio.",https://guide.michelin.com/us/en/district-of-columbia/washington-dc/restaurant/hank-s-oyster-bar
Hitching Post Restaurant,0,"200 Upshur St. NW, Washington, DC, 20011, USA",38.94213,-77.01384,+1 202-726-1511,https://www.thehpostrestaurant.com/,"Southern, Regional Cuisine",$$,11:30 AM-9 PM,11:30 AM-9 PM,11:30 AM-9 PM,11:30 AM-9 PM,11:30 AM-10 PM,11:30 AM-10 PM,11:30 AM-9 PM,"Barry Dindyal prepares Southern favorites in a retro Petworth dining room. Made-to-order fried chicken is the principal draw, with sides such as collard greens and fries and a traditional lemon cake for dessert.",https://guide.michelin.com/us/en/district-of-columbia/washington-dc/restaurant/hitching-post
Imperfecto: The Chef's Table,1,"1124 23rd St. NW, Washington, DC, 20037, USA",38.90434,-77.05032,+1 202-964-1012,https://www.sevenreasonsgroup.com/imperfecto,Latin American,$$$$,5:30 PM-9:30 PM,5:30 PM-9:30 PM,5:30 PM-9:30 PM,5:30 PM-9:30 PM,5 PM-10 PM,11 AM-2:30 PM,11 AM-2:30 PM,"A small counter within Imperfecto offers an intimate tasting-menu experience led by Enrique Limardo. The cooking emphasizes Latin American flavors, meticulous technique and carefully composed meat, fish and dessert courses.",https://guide.michelin.com/us/en/district-of-columbia/washington-dc/restaurant/imperfecto-the-chef-s-table
Ivy City Smokehouse,0,"1356 Okie St. NE, Washington, DC, 20002, USA",38.9146,-76.98544,+1 202-529-3300,https://ivycitysmokehouse.com/,"Seafood, Barbecue",$$,12 PM-10 PM,12 PM-10 PM,12 PM-10 PM,12 PM-10 PM,closed,closed,12 PM-10 PM,"This seafood business combines a market and smoking operation with an upstairs restaurant and rooftop space. Smoked fish platters, traditional accompaniments and occasional live music make it a distinctive casual destination.",https://guide.michelin.com/us/en/district-of-columbia/washington-dc/restaurant/ivy-city-smokehouse
Jaleo,0,"480 7th St. NW, Washington, DC, 20004, USA",38.8951,-77.03638,+1 202-628-7949,https://www.jaleo.com/,Spanish,$$,11:30 AM-10 PM,11:30 AM-10 PM,11:30 AM-10 PM,11:30 AM-10 PM,11:30 AM-11 PM,11:30 AM-11 PM,11:30 AM-10 PM,"The original Jaleo presents José Andrés’s take on Spanish tapas in a colorful, energetic space. Diners can build a meal from classic small plates, seafood and paella or choose among tasting menus.",https://guide.michelin.com/us/en/district-of-columbia/washington-dc/restaurant/jaleo
Jônt,2,"1904 14th St. NW, Washington, DC, 20009, USA",38.9158,-77.03206,+1 202-773-9989,https://www.jontdc.com/,Contemporary,$$$$,closed,closed,5:30 PM-10 PM,5:30 PM-10 PM,5:30 PM-10 PM,4 PM-10 PM,5:30 PM-10 PM,Ryan Ratino’s counter above Bresca presents an elaborate menu centered on premium Japanese meat and seafood. Diners watch an energetic kitchen team before moving to a separate counter for desserts and small sweets.,https://guide.michelin.com/us/en/district-of-columbia/washington-dc/restaurant/jont
Kappo,0,"4822 MacArthur Blvd. NW, Washington, DC, 20007, USA",38.91673,-77.09637,+1 202-885-9086,https://kappodc.com/,Japanese,$$$$,closed,5:30 PM-11 PM,5:30 PM-11 PM,5:30 PM-11 PM,4 PM-11 PM,4 PM-11 PM,4 PM-11 PM,"Minoru Ogawa’s intimate counter focuses on an eight-course menu combining Wagyu and seafood. The cooking emphasizes precise seasoning and approachable flavors, ending with a comforting rice-and-soup course.",https://guide.michelin.com/us/en/district-of-columbia/washington-dc/restaurant/kappo-1208766
Karizma Modern Indian,0,"611 I St. NW, Washington, DC, 20001, USA",38.8951,-77.03638,+1 202-898-0393,https://www.karmamodernindian.com/,"Indian, Contemporary",$$,closed,5 PM-9 PM,12 PM-2:30 PM,12 PM-2:30 PM,5 PM-10 PM,5 PM-10 PM,closed,"Karizma’s main dining room offers an approachable menu drawing on several Indian regions, while Karma provides a separate tasting-menu experience. Breads, lamb kebabs, paneer dishes and inventive cocktails are particular attractions.",https://guide.michelin.com/us/en/district-of-columbia/washington-dc/restaurant/karizma-modern-indian
Karravaan,0,"325 Morse St. NE, Washington, DC, 20002, USA",38.90793,-77.00035,+1 202-802-0570,https://www.karravaan.com/,Asian,$$$,4 PM-10 PM,4 PM-10 PM,4 PM-10 PM,4 PM-10 PM,4 PM-11 PM,10:30 AM-2 PM,10:30 AM-2 PM,"Sanjay Mandhaiya draws inspiration from Silk Road food traditions in a menu designed for sharing. House-made flatbread, smoky eggplant, spiced duck and vegetable rice illustrate its broad range of influences.",https://guide.michelin.com/us/en/district-of-columbia/washington-dc/restaurant/karravaan
La Tejana,0,"3211 Mt. Pleasant St. NW, Washington, DC, 20010, USA",38.93152,-77.03822,+1 202-621-8509,https://www.latejanadc.com/,Mexican,$,closed,closed,7:30 AM-1 PM,7:30 AM-1 PM,7:30 AM-1 PM,7:30 AM-1 PM,7:30 AM-1 PM,"Ana-Maria Jaramillo and Gus May’s Mount Pleasant counter specializes in Texas-inspired breakfast tacos and coffee. Soft flour tortillas hold fillings such as eggs, beans, cheese and meats, with takeaway and limited seating options.",https://guide.michelin.com/us/en/district-of-columbia/washington-dc/restaurant/la-tejana
La'Shukran,0,"417 Morse St. NE, Washington, DC, 20002, USA",38.90738,-76.99946,,https://www.lashukran.com/,Middle Eastern,$$$,5 PM-11 PM,closed,closed,5 PM-11 PM,closed,closed,5 PM-11 PM,"Reached through an alley and an upstairs entrance, La’Shukran combines a retro bar atmosphere with inventive Levantine sharing dishes. Dumplings, rice preparations and seafood-topped labneh show how the kitchen expands on familiar regional flavors.",https://guide.michelin.com/us/en/district-of-columbia/washington-dc/restaurant/la-shukran
Laos in Town,0,"250 K St. NE, Washington, DC, 20002, USA",38.8951,-77.03638,+1 202-864-6687,https://www.laosintown.com/,"South East Asian, Lao",$$,11 AM-10 PM,11 AM-10 PM,11 AM-10 PM,11 AM-10 PM,11 AM-10 PM,11 AM-10 PM,11 AM-10 PM,"Laos in Town serves boldly seasoned Southeast Asian dishes with a dedicated vegan selection. Sausages, papaya salads and herb-filled curries offer distinctive flavors, with clearly marked spicy choices and a substantial cocktail list.",https://guide.michelin.com/us/en/district-of-columbia/washington-dc/restaurant/laos-in-town
Lapis,0,"1847 Columbia Rd. NW, Washington, DC, 20009, USA",38.9213,-77.04383,+1 202-299-9630,https://www.lapisdc.com/,Afghan,$$,11 AM-3 PM,11 AM-3 PM,11 AM-3 PM,11 AM-3 PM,11 AM-3 PM,10 AM-3 PM,10 AM-3 PM,"Zubair and Shamim Popal share Afghan home-country cooking in a dining room decorated with rugs and family photographs. Fragrant rice, grilled lamb and gently seasoned soups reflect the restaurant’s warm, personal approach.",https://guide.michelin.com/us/en/district-of-columbia/washington-dc/restaurant/lapis
Little Pearl,1,"921 Pennsylvania Ave. SE, Washington, DC, 20003, USA",38.88302,-76.99313,+1 202-618-1868,https://www.littlepearldc.com/,Contemporary,$$$$,closed,closed,closed,closed,5:30 PM-9:30 PM,5:30 PM-9:30 PM,closed,"An intimate, glass-lined dining room hosts a seasonal tasting menu from the team behind Rose’s Luxury. The cooking combines creative ideas with touches of luxury, accompanied by an eclectic wine selection.",https://guide.michelin.com/us/en/district-of-columbia/washington-dc/restaurant/little-pearl
Lutèce,0,"1522 Wisconsin Ave. NW, Washington, DC, 20007, USA",38.9094,-77.06461,+1 202-333-8830,https://www.lutecedc.com/,"Contemporary, American",$$,5 PM-9 PM,5 PM-9 PM,5 PM-9 PM,5 PM-9 PM,5 PM-10 PM,5 PM-10 PM,5 PM-9 PM,"This intimate Georgetown bistro offers a concise seasonal menu that changes frequently. Inventive fish and duck preparations, distinctive desserts, organic and biodynamic wines, and cocktails suit a relaxed evening meal.",https://guide.michelin.com/us/en/district-of-columbia/washington-dc/restaurant/lutece
L’Ardente,0,"200 Massachusetts Ave. NW, Ste. 100, Washington, DC, 20001, USA",38.89896,-77.01404,+1 202-448-0450,https://www.lardente.com/,Italian,$$$,11:30 AM-2:30 PM,11:30 AM-2:30 PM,11:30 AM-2:30 PM,11:30 AM-2:30 PM,11:30 AM-2:30 PM,11 AM-11 PM,11 AM-10 PM,"David Deshaies’s Italian restaurant is known for its many-layered short-rib lasagna, but also serves pasta, pizza and grilled dishes. Tall windows, a wood-fired kitchen and elaborate desserts complete the experience.",https://guide.michelin.com/us/en/district-of-columbia/washington-dc/restaurant/l%E2%80%99ardente
Maison Bar à Vins,0,"1834 Columbia Rd. NW, Washington, DC, 20009, USA",38.92173,-77.04316,+1 202-525-2167,https://www.maisondc.com/,French,$$$$,closed,closed,5 PM-12AM,5 PM-12AM,5 PM-1 AM,5 PM-1 AM,5 PM-12AM,"Matt Conroy serves a concise, seasonal menu with French influences in an Adams Morgan brownstone. Shareable dishes combine precise technique with unexpected details, including inventive seafood starters, pasta and house-made ice cream.",https://guide.michelin.com/us/en/district-of-columbia/washington-dc/restaurant/maison-bar-a-vins
Maketto,0,"1351 H St. NE, Washington, DC, 20002, USA",38.89996,-76.98667,+1 202-838-9972,https://maketto1351.com/,Asian,$$,closed,9 AM-10 PM,9 AM-10 PM,9 AM-10 PM,9 AM-10 PM,9 AM-10 PM,closed,"Erik Bruner-Yang’s H Street restaurant combines a retail setting with an adventurous menu of Asian-inspired sharing dishes. Dumplings, spicy meat preparations and crisp fried chicken reflect a kitchen that moves freely across culinary traditions.",https://guide.michelin.com/us/en/district-of-columbia/washington-dc/restaurant/maketto
Mandu,0,"453 K St. NW, Washington, DC, 20001, USA",38.8951,-77.03638,+1 202-289-6899,https://www.mandudc.com/,Korean,$$,5 PM-9 PM,5 PM-9 PM,5 PM-9 PM,5 PM-9 PM,5 PM-9:30 PM,5 PM-9:30 PM,5 PM-9 PM,"Yesoon Lee and Danny Lee’s Mount Vernon restaurant emphasizes the range of Korean home cooking. Dumplings, banchan and strongly seasoned stews include gamjatang with pork ribs and potatoes.",https://guide.michelin.com/us/en/district-of-columbia/washington-dc/restaurant/mandu-1183915
Masseria,1,"1340 4th St. NE, Washington, DC, 20002, USA",38.90972,-76.99923,+1 202-608-1330,https://www.masseria-dc.com/,"Italian, Regional Cuisine",$$$$,closed,6 PM-9:30 PM,6 PM-9:30 PM,6 PM-9:30 PM,6 PM-9:30 PM,5 PM-9:30 PM,closed,"Nicholas Stefanelli draws on his Puglian background in a converted warehouse with indoor and outdoor dining. The cooking combines Italian foundations with playful details, including carefully prepared fish, risotto and seasonal desserts.",https://guide.michelin.com/us/en/district-of-columbia/washington-dc/restaurant/masseria
Maydān,0,"1346 Florida Ave. NW, Washington, DC, 20009, USA",38.91982542,-77.03112577,+1 202-370-3696,https://meetatmaydan.com/,"Middle Eastern, Grills",$$$,5 PM-11 PM,5 PM-11 PM,5 PM-11 PM,5 PM-11 PM,5 PM-11 PM,5 PM-11 PM,11 AM-2 PM,"A large open hearth defines Maydān’s cooking and atmosphere. Diners can choose a shared set-menu feast or order individual dishes built around flatbreads, spreads, vegetables and meats, with Middle Eastern-inspired drinks alongside.",https://guide.michelin.com/us/en/district-of-columbia/washington-dc/restaurant/maydan
Menya Hosaki,0,"845 Upshur St. NW, Washington, DC, 20011, USA",38.94204,-77.02468,+1 301-818-7650,https://www.menyahosakidc.com/,"Japanese, Ramen",$$,closed,11 AM-2 PM,5 PM-9 PM,5 PM-9 PM,5 PM-9:30 PM,closed,closed,"This focused Petworth ramen restaurant makes its own noodles and builds bowls around carefully developed broths. A signature blend of pork, chicken and dashi shares the menu with other ramen styles and a vegan option.",https://guide.michelin.com/us/en/district-of-columbia/washington-dc/restaurant/menya-hosaki
minibar by José Andrés,2,"855 E St. NW, Washington, DC, 20004, USA",38.8951,-77.03638,+1 202-393-0812,https://www.minibarbyjoseandres.com/,Creative,$$$$,closed,5 PM-10 PM,5 PM-10 PM,5 PM-10 PM,5 PM-10 PM,5 PM-10 PM,closed,"This intimate counter restaurant uses inventive techniques and visual surprises throughout a succession of small courses. Cocktails and snacks begin the experience, followed by carefully coordinated service around the open kitchen.",https://guide.michelin.com/us/en/district-of-columbia/washington-dc/restaurant/minibar
MITA,1,"804 V St. NW, Washington, DC, 20001, USA",38.8951,-77.03638,+1 202-929-7792,https://www.mitadc.com/,"Vegetarian, Latin American",$$$$,closed,5 PM-10 PM,5 PM-10 PM,5 PM-10 PM,5 PM-10 PM,5 PM-10 PM,closed,"Tatiana Mora and Miguel Guerra present plant-based tasting menus inspired by several Latin American countries. Different menu lengths explore vegetables, grains and fruits through preparations such as arepas, soups and layered mushroom dishes.",https://guide.michelin.com/us/en/district-of-columbia/washington-dc/restaurant/mita
Moon Rabbit,0,"927 F St. NW, Washington, DC, 20004, USA",38.8951,-77.03638,+1 202-525-1446,https://www.moonrabbitdc.com/,Vietnamese,$$$,4:30 PM-9:30 PM,4:30 PM-9:30 PM,4:30 PM-9:30 PM,4:30 PM-9:30 PM,4:30 PM-9:30 PM,4:30 PM-9:30 PM,closed,"Kevin Tien combines Vietnamese traditions with contemporary techniques and occasional Cajun influences. Rice cakes, poultry dishes and inventive desserts form a creative but approachable menu in a bright downtown space.",https://guide.michelin.com/us/en/district-of-columbia/washington-dc/restaurant/moon-rabbit
New Heights,0,"2317 Calvert St. NW, Washington, DC, 20008, USA",38.92371,-77.05225,+1 202-290-2692,https://newheightsrestaurant.com/,American,$$$,5 PM-9 PM,5 PM-10 PM,5 PM-10 PM,5 PM-10 PM,5 PM-10 PM,5 PM-10 PM,5 PM-9 PM,"This established Woodley Park restaurant serves a broad menu with confidence in an understated setting. Inventive vegetable starters accompany familiar meat and fish preparations, followed by desserts such as pistachio-ricotta cake.",https://guide.michelin.com/us/en/district-of-columbia/washington-dc/restaurant/new-heights
Obelisk,0,"2029 P St. NW, Washington, DC, 20036, USA",38.90983,-77.04625,+1 202-872-1180,https://obeliskdc.com/,Italian,$$$$,closed,closed,closed,5 PM-10 PM,5 PM-10 PM,5 PM-10 PM,closed,"This longstanding Italian restaurant offers a seasonal five-course dinner in a warm neighborhood setting. Antipasti, simply presented main courses and house-made breads and desserts create a leisurely dining experience.",https://guide.michelin.com/us/en/district-of-columbia/washington-dc/restaurant/obelisk
Omakase at Barracks Row,1,"522 8th St. SE, Washington, DC, 20003, USA",38.8951,-77.03638,+1 202-481-1640,https://www.omakasedc.com/,"Japanese, Sushi",$$$$,closed,5:30 PM-11 PM,5:30 PM-11 PM,5:30 PM-11 PM,5:30 PM-11 PM,5:30 PM-11 PM,closed,"Yi “Ricky” Wang serves a counter-based omakase that moves from small cooked dishes into sushi. Detailed seafood preparations, varied seasonings and references to Japanese fish-printing traditions distinguish the experience.",https://guide.michelin.com/us/en/district-of-columbia/washington-dc/restaurant/omakase-at-barracks-row
Opal,0,"5534 Connecticut Ave., Washington, DC, 20015, USA",38.96423,-77.0756,+1 202-570-0289,https://www.opal-dc.com/,American,$$$,4 PM-9:30 PM,5 PM-9:30 PM,4 PM-9:30 PM,5 PM-9:30 PM,4 PM-10:30 PM,4 PM-10:30 PM,4 PM-9:30 PM,"Opal offers confidently prepared, familiar dishes in a busy Chevy Chase neighborhood setting. Dumplings, fish and occasional surprises such as lamb-filled pita are available alongside a set-menu option and rich desserts.",https://guide.michelin.com/us/en/district-of-columbia/washington-dc/restaurant/opal
Ottoman Taverna,0,"425 I St. NW, Washington, DC, 20001, USA",38.8951,-77.03638,+1 202-847-0389,https://ottomantaverna.com/,Turkish,$$,11 AM-9 PM,11 AM-9 PM,11 AM-9 PM,11 AM-9 PM,11 AM-9 PM,11 AM-10 PM,11 AM-9 PM,"Ottoman Taverna serves Turkish and Eastern Mediterranean dishes in a polished dining room inspired by Istanbul. Hot and cold meze, house pita and grilled kebabs lead to traditional sweets and Turkish coffee.",https://guide.michelin.com/us/en/district-of-columbia/washington-dc/restaurant/ottoman-taverna
Oyamel,0,"401 7th St. NW, Washington, DC, 20004, USA",38.8951,-77.03638,+1 202-628-1005,https://www.oyamel.com/,Mexican,$$,11:30 AM-10 PM,11:30 AM-10 PM,11:30 AM-10 PM,11:30 AM-10 PM,11:30 AM-11 PM,11 AM-11 PM,11 AM-10 PM,"José Andrés’s Mexican restaurant emphasizes regional dishes, carefully chosen ingredients and small plates. A ceviche counter, varied drinks and preparations ranging from black-bean soup to duck-topped gorditas offer several ways to build a meal.",https://guide.michelin.com/us/en/district-of-columbia/washington-dc/restaurant/oyamel
Oyster Oyster,1,"1440 8th St. NW, Washington, DC, 20001, USA",38.90935,-77.02309,,https://www.oysteroysterdc.com/,"Vegetarian, Contemporary",$$$,closed,5:30 PM-8:30 PM,5:30 PM-8:30 PM,5:30 PM-8:30 PM,5:30 PM-8:30 PM,5:30 PM-8:30 PM,closed,"Rob Rubba’s vegetable-centered tasting menu draws closely on local farms and imaginative uses of produce. Pasta, house-grown mushrooms and seed-based preparations demonstrate how much variety the kitchen finds beyond meat-centered cooking.",https://guide.michelin.com/us/en/district-of-columbia/washington-dc/restaurant/oyster-oyster
Pascual,0,"732 Maryland Ave. NE, Washington, DC, 20002, USA",38.89567,-76.99519,+1 202-450-1954,https://www.pascualdc.com/,"Mexican, Contemporary",$$$,closed,closed,5 PM-9 PM,5 PM-9 PM,5 PM-9:30 PM,5 PM-9:30 PM,11 AM-2 PM,"Isabel Coss and Matt Conroy focus on contemporary Mexican dishes made for sharing. Corn-based preparations, slow-cooked meats and a crisp buñuelo dessert reflect a menu with strong Mexico City influences.",https://guide.michelin.com/us/en/district-of-columbia/washington-dc/restaurant/pascual
Patty O's Cafe & Bakery,0,"389 Main St., Washington, VA, 22747, USA",38.71343,-78.1601,+1 540-675-3801,https://www.pattyoscafe.com/,European,$$$,11 AM-9 PM,11 AM-9 PM,11 AM-4 PM,11 AM-9 PM,11 AM-9 PM,11 AM-9 PM,10 AM-8 PM,"Patrick O’Connell’s casual cafe and bakery occupies a converted garage with country-inspired interiors and outdoor seating. Sandwiches, traditional dinner dishes and baked sweets make it suitable for several kinds of visit.",https://guide.michelin.com/us/en/virginia/washington_2960879/restaurant/patty-o-s-cafe-bakery
PhoXotic,0,"103 Rhode Island Ave. NW, Washington, DC, 20001, USA",38.91589,-77.01244,+1 240-302-8888,https://www.phoxotic.com/,Vietnamese,$$,4 PM-9 PM,closed,4 PM-9 PM,4 PM-9 PM,4 PM-10 PM,11 AM-10 PM,11 AM-10 PM,"Hai Le’s compact pho restaurant emphasizes carefully prepared beef cuts and rich broth. Diners can choose signature combinations or build their own bowls, with rolls and Vietnamese drinks completing the short menu.",https://guide.michelin.com/us/en/district-of-columbia/washington-dc/restaurant/phoxotic
Pineapple and Pearls,1,"715 8th St. SE, Washington, DC, 20003, USA",38.8951,-77.03638,+1 202-595-7375,https://www.pineappleandpearls.com/,Contemporary,$$$$,closed,closed,6 PM-9 PM,6 PM-9 PM,5:45 PM-9:30 PM,5:45 PM-9:30 PM,closed,"Aaron Silverman’s restaurant pairs an extravagant party atmosphere with a playful tasting menu influenced by Southern food and nostalgia. Tableside performances, luxury ingredients and an enthusiastic drinks program are central to the experience.",https://guide.michelin.com/us/en/district-of-columbia/washington-dc/restaurant/pineapple-and-pearls
Providencia,0,"1321 Linden Ct. NE, Washington, DC, 20002, USA",38.89948,-76.98723,,https://www.barprovidenciadc.com/,Contemporary,$$,closed,5 PM-12 AM,5 PM-12 AM,5 PM-12 AM,5 PM-12 AM,5 PM-12 AM,5 PM-12 AM,"Erik Bruner-Yang and Paola Velez combine Asian, Caribbean and Latin American influences at this intimate cocktail-focused spot. Unusual savory combinations and inventive frozen desserts make the food as distinctive as the drinks.",https://guide.michelin.com/us/en/district-of-columbia/washington-dc/restaurant/providencia
Queen’s English,0,"3410 11th St. NW, Washington, DC, 20010, USA",38.93216,-77.02857,+1 202-618-1213,https://www.queensenglishdc.com/,"Chinese, Contemporary",$$,closed,5:30 PM-9 PM,5:30 PM-9 PM,5:30 PM-9 PM,5 PM-9:30 PM,5 PM-9:30 PM,closed,This small Columbia Heights restaurant offers contemporary interpretations of Hong Kong cooking. Carefully balanced ingredients and wok techniques appear alongside inventive seafood and beef dishes in an understated dining room.,https://guide.michelin.com/us/en/district-of-columbia/washington-dc/restaurant/queen%E2%80%99s-english
Rania,1,"427 11th St. NW, Washington, DC, 20004, USA",38.89516,-77.02694,+1 202-804-6434,https://www.raniadc.com/,"Indian, Contemporary",$$$$,closed,5 PM-9 PM,5 PM-9 PM,5 PM-9 PM,5 PM-9:30 PM,5 PM-9:30 PM,11 AM-9 PM,"Rania reinterprets Indian dishes through contemporary techniques and unexpected combinations. Inventive starters, richly flavored meat courses, breads and coordinated cocktails shape its fine-dining approach.",https://guide.michelin.com/us/en/district-of-columbia/washington-dc/restaurant/rania
Rasika,0,"633 D St. NW, Washington, DC, 20004, USA",38.8951,-77.03638,+1 202-637-1222,https://www.rasikarestaurant.com/,Indian,$$$,11:30 AM-2:30 PM,11:30 AM-2:30 PM,11:30 AM-2:30 PM,11:30 AM-2:30 PM,11:30 AM-2:30 PM,4:30 PM-10:30 PM,11:30 AM-2:30 PM,"Rasika serves Indian cooking in a lively setting suitable for both casual meals and celebrations. Kebabs, curries and lamb dishes are joined by an especially strong selection of breads.",https://guide.michelin.com/us/en/district-of-columbia/washington-dc/restaurant/rasika
Residents Cafe & Bar,0,"1306 18th St. NW, Washington, DC, 20036, USA",38.90795,-77.04186,+1 202-373-4748,https://www.residentsdc.com/,Contemporary,$$,closed,5 PM-10 PM,5 PM-10 PM,5 PM-11 PM,closed,closed,11 AM-9 PM,"A leafy patio and a two-story row-house dining room frame a menu with European and Middle Eastern influences. Offerings range from Turkish-style eggs at brunch to vegetable plates, schnitzel and desserts at dinner.",https://guide.michelin.com/us/en/district-of-columbia/washington-dc/restaurant/residents-cafe-bar
Reveler's Hour,0,"1775 Columbia Rd. NW, Washington, DC, 20009, USA",38.92336,-77.04195,,https://www.revelershour.com/,"Contemporary, Italian",$$$,5:30 PM-9 PM,5:30 PM-9 PM,5:30 PM-9 PM,5:30 PM-9 PM,5 PM-9:30 PM,5 PM-9:30 PM,5:30 PM-9 PM,"Reveler’s Hour pairs a serious interest in natural wine with approachable small plates and pasta. Garlic knots, rich ragù and indulgent desserts complement the intimate dining room and central bar.",https://guide.michelin.com/us/en/district-of-columbia/washington-dc/restaurant/reveler-s-hour
Ris,0,"2275 L St. NW, Washington, DC, 20037, USA",38.90396,-77.04979,+1 202-730-2500,https://www.risdc.com/,American,$$,12 PM-9 PM,12 PM-9 PM,12 PM-9 PM,12 PM-9 PM,12 PM-9 PM,5 PM-9 PM,closed,"Ris Lacoste’s neighborhood restaurant serves polished versions of familiar American and European dishes. Pasta, crab cakes, chicken and substantial vegetable preparations suit both relaxed gatherings and business meals.",https://guide.michelin.com/us/en/district-of-columbia/washington-dc/restaurant/ris
Rooster & Owl,1,"2436 14th St. NW, Washington, DC, 20009, USA",38.92149,-77.03217,+1 202-915-9004,https://www.roosterowl.com/,"Contemporary, Fusion",$$$,closed,5 PM-10 PM,5 PM-10 PM,5 PM-10 PM,5 PM-10 PM,5 PM-10 PM,closed,"This contemporary restaurant combines influences from Asia, the Mediterranean and the Middle East. Diners choose among inventive dishes, including vegetable preparations and rich desserts, with wine selections tailored to their meal.",https://guide.michelin.com/us/en/district-of-columbia/washington-dc/restaurant/rooster-owl
Rose’s Luxury,1,"717 8th St. SE, Washington, DC, 20003, USA",38.8951,-77.03638,+1 202-580-8889,https://www.rosesluxury.com/,Contemporary,$$$$,closed,closed,5:45 PM-9 PM,5:45 PM-9 PM,5:15 PM-9:30 PM,5:15 PM-9:30 PM,closed,"This lively restaurant serves a family-style fixed-price menu with global influences and playful comfort-food references. Its signature pork-and-lychee salad, inventive pastas and whimsical desserts fit the informal dinner-party atmosphere.",https://guide.michelin.com/us/en/district-of-columbia/washington-dc/restaurant/rose-s-luxury
Royal,0,"501 Florida Ave. NW, Washington, DC, 20001, USA",38.91503365,-77.01862208,+1 202-332-7777,https://www.theroyaldc.com/,Latin American,$$,10 AM-10 PM,10 AM-10 PM,10 AM-10 PM,10 AM-10 PM,closed,closed,10 AM-9 PM,"Royal is a relaxed all-day restaurant serving Latin American-inspired food. Breakfast arepas give way to evening dishes such as empanadas and masa dumplings in a modest, welcoming setting.",https://guide.michelin.com/us/en/district-of-columbia/washington-dc/restaurant/royal
Rumi's Kitchen,0,"640 L St. NW, Washington, DC, 20001, USA",38.8951,-77.03638,+1 202-900-9106,https://www.rumiskitchen.com/,Persian,$$,11:30 AM-10 PM,11:30 AM-10 PM,11:30 AM-10 PM,11:30 AM-10 PM,11:30 AM-11 PM,11:30 AM-11 PM,11:30 AM-10 PM,"Rumi’s Kitchen presents Persian cooking in a spacious dining room with an open kitchen. Spreads, braised lamb and traditional sweets are joined by inventive desserts and cocktails.",https://guide.michelin.com/us/en/district-of-columbia/washington-dc/restaurant/rumi-s-kitchen
Rye Bunny,0,"1827 Adams Mill Rd. NW, Washington, DC, 20009, USA",38.92345,-77.04315,,https://www.ryebunny.com/,"American, Contemporary",$$$,5:30 PM-9:00 PM,5:30 PM-9:00 PM,5:30 PM-9:00 PM,5:30 PM-9:00 PM,5:00 PM-9:30 PM,5:00 PM-9:30 PM,5:00 PM-9:00 PM,Jon Sybert and Jill Tyler’s successor to Tail Up Goat takes a casual approach with counter ordering and table service. Colorful surroundings and creatively seasoned comfort food define a concept distinct from its predecessor.,https://guide.michelin.com/us/en/district-of-columbia/washington-dc/restaurant/rye-bunny
Sababa,0,"3311 Connecticut Ave. NW, Washington, DC, 20008, USA",38.93392,-77.05709,+1 202-244-6750,https://www.sababauptown.com/,Mediterranean Cuisine,$$,5 PM-9 PM,5 PM-9:30 PM,5 PM-9:30 PM,5 PM-9:30 PM,5 PM-10 PM,5 PM-10 PM,11 AM-3 PM,"Sababa serves Israeli and broader Middle Eastern flavors in a tiled, contemporary setting. Small plates, salads, vegetable dishes and freshly prepared hummus encourage a meal built around sharing.",https://guide.michelin.com/us/en/district-of-columbia/washington-dc/restaurant/sababa
San Lorenzo,0,"1316 9th St. NW, Washington, DC, 20001, USA",38.90785,-77.02414,+1 202-588-8954,https://www.sanlorenzodc.com/,Italian,$$$,5:30 PM-9:30 PM,5:30 PM-9:30 PM,5:30 PM-9:30 PM,5:30 PM-9:30 PM,5 PM-10:30 PM,5 PM-10:30 PM,5 PM-9 PM,"Massimo Fabbri draws on his Tuscan roots at this welcoming neighborhood restaurant. Filled pasta, risotto and other regional dishes take priority, followed by thoughtfully prepared desserts.",https://guide.michelin.com/us/en/district-of-columbia/washington-dc/restaurant/san-lorenzo1160145
Seven Reasons,0,"931 H St. NW, Washington, DC, 20001, USA",38.8951,-77.03638,+1 202-417-8563,https://sevenreasonsgroup.com/,Latin American,$$$$,11:30 AM-1:45 PM,11:30 AM-1:45 PM,11:30 AM-1:45 PM,11:30 AM-1:45 PM,11:30 AM-1:45 PM,11 AM-2 PM,11 AM-2 PM,"Seven Reasons brings together Venezuelan, Peruvian and Caribbean influences in a striking two-level restaurant. Generous dishes, bold combinations and detailed desserts reflect an ambitious approach to Latin American cooking.",https://guide.michelin.com/us/en/district-of-columbia/washington-dc/restaurant/seven-reasons
Sfoglina,0,"4445 Connecticut Ave. NW, Washington, DC, 20008, USA",38.94668,-77.06473,+1 202-525-1402,https://www.sfoglinadc.com/,Italian,$$,3 PM-9:30 PM,11:30 AM-9:30 PM,11:30 AM-9:30 PM,11:30 AM-9:30 PM,11:30 AM-10 PM,11:30 AM-10 PM,11:30 AM-9:30 PM,Sfoglina celebrates regional Italian pasta traditions in a cheerful dining room with a visible pasta-making station. Filled and dried pasta dishes can be ordered individually or combined in a three-pasta tasting.,https://guide.michelin.com/us/en/district-of-columbia/washington-dc/restaurant/sfoglina
Shōtō,0,"1100 15th St. NW, Washington, DC, 20005, USA",38.90454,-77.03558,+1 202-796-0011,,Japanese,$$$,11:30 AM-3 PM,11:30 AM-3 PM,11:30 AM-3 PM,11:30 AM-3 PM,11:30 AM-3 PM,5 PM-11 PM,5 PM-10 PM,"Shōtō pairs an elaborate contemporary interior with Japanese cooking centered on sushi and robata grilling. A bar, dining counter and tables accommodate different experiences, supported by cocktails and an extensive Japanese whisky selection.",https://guide.michelin.com/us/en/district-of-columbia/washington-dc/restaurant/shoto
St. James,0,"2017 14th St. NW, Washington, DC, 20009, USA",38.91764,-77.03162,+1 202-627-2981,https://stjames-dc.com/,Caribbean,$$$,closed,5:30 PM-10 PM,12 PM-4 PM,12 PM-4 PM,12 PM-4 PM,1 PM-11:30 PM,1 PM-9 PM,"Jeanine Prime’s modern Caribbean restaurant centers on shared plates and Trinidadian influences. Callaloo, smoked brisket and curry-sauced dumplings accompany a cocktail selection with a strong emphasis on rum.",https://guide.michelin.com/us/en/district-of-columbia/washington-dc/restaurant/st-james
Stellina Pizzeria,0,"399 Morse St. NE, Washington, DC, 20002, USA",38.90782,-77.00029,+1 202-851-3995,https://www.stellinapizzeria.com/,"Pizza, Italian",$$,11 AM-10 PM,11 AM-10 PM,11 AM-10 PM,11 AM-10 PM,11 AM-10 PM,11 AM-10 PM,11 AM-10 PM,"Stellina offers counter-service pizza made in a wood-burning oven, with blistered, chewy crusts and both familiar and inventive toppings. Fried starters and tiramisu round out an informal meal.",https://guide.michelin.com/us/en/district-of-columbia/washington-dc/restaurant/stellina-pizzeria
Supra,0,"1205 11th St. NW, Washington, DC, 20001, USA",38.90597,-77.02681,+1 202-789-1205,https://supradc.com/,Central Asian,$$,11 AM-10 PM,3 PM-10 PM,3 PM-10 PM,3 PM-10 PM,3 PM-11 PM,11 AM-11 PM,11 AM-9 PM,"Supra introduces diners to Georgian cooking through spreads, dumplings, stews and cheese-filled breads. Traditional desserts and a substantial selection of Georgian wines complete the meal.",https://guide.michelin.com/us/en/district-of-columbia/washington-dc/restaurant/supra
Sushi Nakazawa Washington DC,1,"Waldorf Astoria,1100 Pennsylvania Ave. NW, Washington, DC, 20004, USA",38.89412,-77.02756,+1 202-289-3515,https://www.sushinakazawa.com/,"Japanese, Sushi",$$$$,11:45 AM-2 PM,11:45 AM-2 PM,11:45 AM-2 PM,11:45 AM-2 PM,11:45 AM-2 PM,11:45 AM-2 PM,11:45 AM-2 PM,This elegant sushi restaurant offers a lengthy omakase using seafood sourced locally and internationally. Counter seats provide a close view of the chefs preparing precisely seasoned pieces throughout the meal.,https://guide.michelin.com/us/en/district-of-columbia/washington-dc/restaurant/sushi-nakazawa1160153
Taqueria Habanero,0,"3710 14th St. NW, Washington, DC, 20010, USA",38.93756,-77.03309,+1 202-722-7700,https://www.taqueriahabanero.com/,Mexican,$$,11 AM-10 PM,11 AM-10 PM,11 AM-10 PM,11 AM-10 PM,11 AM-11 PM,11 AM-11 PM,11 AM-10 PM,"Taqueria Habanero emphasizes Puebla traditions, freshly made tortillas and careful preparation. Tacos and chicken with mole poblano anchor a compact menu at this neighborhood Mexican restaurant.",https://guide.michelin.com/us/en/district-of-columbia/washington-dc/restaurant/taqueria-habanero
The Bombay Club,0,"815 Connecticut Ave. NW, Washington, DC, 20006, USA",38.90064,-77.03786,+1 202-659-3727,https://www.bombayclubdc.com/,"Indian, Contemporary",$$$,11:30 AM-2:15 PM,11:30 AM-2:15 PM,11:30 AM-2:15 PM,11:30 AM-2:15 PM,11:30 AM-2:15 PM,5 PM-10 PM,closed,"This longstanding Indian restaurant combines formal service and club-like surroundings with cooking from several regions. Grilled meats, seafood, breads and richly flavored curries are part of its broad menu.",https://guide.michelin.com/us/en/district-of-columbia/washington-dc/restaurant/bombay-club
The Dabney,1,"122 Blagden Alley NW, Washington, DC, 20001, USA",38.90638,-77.02457,+1 202-240-2660,https://thedabney.com/,"American, Contemporary",$$$$,closed,5:30 PM-9:30 PM,5:30 PM-9:30 PM,5:30 PM-9:30 PM,5:30 PM-10 PM,5:30 PM-10 PM,closed,"Jeremiah Langhorne focuses on Mid-Atlantic ingredients and Southern influences in a dining room built around a wood-burning hearth. Vegetables, rooftop herbs and grilled meats feature prominently in the menus.",https://guide.michelin.com/us/en/district-of-columbia/washington-dc/restaurant/the-dabney
The Inn at Little Washington,2,"309 Middle St., Washington, VA, 22747, USA",38.71348,-78.15943,+1 540-675-3800,https://www.theinnatlittlewashington.com/,"French, Classic French",$$$$,closed,closed,5 PM-8 PM,5 PM-8 PM,5 PM-8:30 PM,5 PM-8:30 PM,5 PM-8:30 PM,"Patrick O’Connell’s restaurant offers an ornate, formal dining experience with separate menus for established favorites, seasonal dishes and vegetarian cooking. Bread and cheese carts reinforce the traditional style of service.",https://guide.michelin.com/us/en/virginia/washington_2960879/restaurant/the-inn-at-little-washington
The Pembroke,0,"The Dupont Circle Hotel, 1500 New Hampshire Ave. NW, Washington, DC, 20036, USA",38.91061964,-77.04293762,+1 202-483-6000,https://thepembrokedc.com/,French,$$$,7 AM-2 PM,7 AM-2 PM,7 AM-2 PM,7 AM-2 PM,7 AM-2 PM,7 AM-2 PM,7 AM-2 PM,"The Dupont Circle Hotel’s Parisian-inspired dining room serves an eclectic menu of salads, handmade pasta, seafood and familiar American dishes. Marble tables, plants and upholstered seating give the space a polished yet relaxed feel.",https://guide.michelin.com/us/en/district-of-columbia/washington-dc/restaurant/the-pembroke
The Red Hen,0,"1822 1st St. NW, Washington, DC, 20001, USA",38.91498,-77.01234,+1 202-525-3021,https://theredhendc.com/,Italian,$$,5:30 PM-10 PM,5:30 PM-10 PM,5:30 PM-10 PM,5:30 PM-10 PM,5 PM-10 PM,5 PM-10 PM,5 PM-10 PM,"This popular Italian restaurant pairs rustic surroundings with carefully prepared pasta and hearty main courses. A central bar welcomes walk-ins, while risotto fritters, sausage ragù and rich desserts reflect its comforting style.",https://guide.michelin.com/us/en/district-of-columbia/washington-dc/restaurant/the-red-hen
The Saga,0,"1190 22nd St. NW, Washington, DC, 20037, USA",38.90499,-77.04906,+1 202-480-9892,https://www.sevenreasonsgroup.com/saga,Spanish,$$$$,7 AM-2:30 PM,7 AM-2:30 PM,7 AM-2:30 PM,7 AM-2:30 PM,7 AM-2:30 PM,7 AM-2:30 PM,7 AM-2:30 PM,"Enrique Limardo pairs Spanish cooking with Latin American influences in a restrained, modern setting beside The Ritz-Carlton. Tapas, several rice preparations and larger meat dishes make the menu well suited to sharing.",https://guide.michelin.com/us/en/district-of-columbia/washington-dc/restaurant/the-saga
Thip Khao,0,"3462 14th St. NW, Washington, DC, 20010, USA",38.93291,-77.03301,+1 202-387-5426,https://www.thipkhao.com/,Lao,$$,5 PM-10 PM,closed,5 PM-10 PM,5 PM-10 PM,5 PM-10 PM,5 PM-10 PM,5 PM-10 PM,"Seng Luangrath’s Columbia Heights restaurant is a longstanding destination for Laotian cooking. Its extensive dinner menu includes rice salads, curries and adventurous meat dishes, with sticky rice and shared ordering central to the meal.",https://guide.michelin.com/us/en/district-of-columbia/washington-dc/restaurant/thip-khao
Tiger Fork,0,"922 N. St. NW, Washington, DC, 20001, USA",38.8951,-77.03638,+1 202-733-1152,https://www.tigerforkdc.com/,"Chinese, Cantonese",$$,5 PM-10 PM,5 PM-10 PM,5 PM-10 PM,5 PM-10 PM,5 PM-11 PM,12 PM-11 PM,12 PM-10 PM,"Tiger Fork evokes a Hong Kong dining den in a tucked-away, industrial-style space. Cocktails accompany dishes such as rice-noodle rolls, chili wontons and glazed pork ribs.",https://guide.michelin.com/us/en/district-of-columbia/washington-dc/restaurant/tiger-fork
Timber Pizza Co.,0,"809 Upshur St. NW, Washington, DC, 20011, USA",38.94207,-77.02384,+1 202-853-9746,https://www.timberpizza.com/,Pizza,$,5 PM-8:30 PM,5 PM-8:30 PM,5 PM-9 PM,5 PM-9 PM,11:30 AM-9:30 PM,11:30 AM-9:30 PM,11:30 AM-8:30 PM,"Timber Pizza Co. is a busy, casual neighborhood pizzeria with varied toppings and red, white and green sauce options. Half-and-half orders allow diners to sample different combinations alongside salads.",https://guide.michelin.com/us/en/district-of-columbia/washington-dc/restaurant/timber-pizza-co
Toki Underground,0,"1234 H St. NE, Washington, DC, 20002, USA",38.90044,-76.98904,+1 202-388-3086,https://www.tokiunderground.com/,"Japanese, Ramen",$$,5 PM-9:30 PM,5 PM-9:30 PM,5 PM-9:30 PM,5 PM-9:30 PM,5 PM-10:30 PM,11:30 AM-10:30 PM,10:30 AM-9:30 PM,"Upstairs from The Pug, this compact restaurant concentrates on freshly prepared ramen in a setting covered with stickers and artwork. Buns, dumplings and fried mushrooms provide starters before the noodle bowls.",https://guide.michelin.com/us/en/district-of-columbia/washington-dc/restaurant/toki-underground
Unconventional Diner,0,"1207 9th St. NW, Washington, DC, 20001, USA",38.90584,-77.02363,+1 202-847-0122,https://www.unconventionaldiner.com/,American,$$,7 AM-10 PM,7 AM-10 PM,7 AM-10 PM,7 AM-10 PM,7 AM-10 PM,7 AM-10 PM,7 AM-10 PM,"This busy restaurant takes familiar American diner dishes in unexpected directions. Updated comfort food, substantial vegetable plates, daytime brunch selections and generous desserts appear in a bright, casual setting.",https://guide.michelin.com/us/en/district-of-columbia/washington-dc/restaurant/unconventional-diner
Xiquet,1,"2404 Wisconsin Ave. NW, Washington, DC, 20007, USA",38.92128,-77.07242,+1 202-913-4671,https://www.xiquetdl.com/,Spanish,$$$$,closed,5 PM-10 PM,5 PM-10 PM,5 PM-10 PM,5 PM-10 PM,5 PM-10 PM,5 PM-10 PM,"Danny Lledó’s small dining room showcases Valencian cooking built around a smoker and wood-fired hearth. Seafood and rice preparations lead the menu, and guests finish with coffee and small sweets in a separate lounge.",https://guide.michelin.com/us/en/district-of-columbia/washington-dc/restaurant/xiquet
Yellow,0,"1524 Wisconsin Ave. NW, Washington, DC, 20007, USA",38.90947,-77.06461,,https://www.yellowthecafe.com/,Middle Eastern,$$,8 AM-3 PM,8 AM-8 PM,8 AM-8 PM,8 AM-8 PM,8 AM-8 PM,8 AM-8 PM,8 AM-3 PM,"Michael Rafidi’s casual Georgetown cafe serves Levantine-inspired food throughout the day. Breakfast pastries and sandwiches give way to filled pitas, dips and mezze, supported by a wood-burning oven.",https://guide.michelin.com/us/en/district-of-columbia/washington-dc/restaurant/yellow
Your Only Friend,0,"1114 9th St. NW, Washington, DC, 20001, USA",38.9048,-77.02418,+1 202-912-1999,https://www.youronlyfrienddc.com/,"Gastropub, American",$$,closed,closed,11 AM-10 PM,11 AM-10 PM,11 AM-10 PM,11 AM-10 PM,11 AM-9 PM,"Your Only Friend combines inventive sandwiches with the drinks program of a cocktail bar. Meat and vegetarian fillings, rotating specials and substantial snacks make it more than a conventional sandwich shop.",https://guide.michelin.com/us/en/district-of-columbia/washington-dc/restaurant/your-only-friend
Zaytinya,0,"701 9th St. NW, Washington, DC, 20001, USA",38.8951,-77.03638,+1 202-638-0800,https://www.zaytinya.com/location/washington-dc/,Mediterranean Cuisine,$$$,11:30 AM-10 PM,11:30 AM-10 PM,11:30 AM-10 PM,11:30 AM-10 PM,11:30 AM-11 PM,11 AM-11 PM,11 AM-10 PM,"José Andrés’s Mediterranean restaurant draws on Greek, Lebanese and Turkish traditions. Mezze, spreads, fresh pita, seafood and meat dishes provide abundant sharing options, including a broad selection for vegetarians.",https://guide.michelin.com/us/en/district-of-columbia/washington-dc/restaurant/zaytinya
