"restaurant_name","position","category","cuisine","price","eat_this","address","latitude","longitude","website","phone","business_status","monday_hours","tuesday_hours","wednesday_hours","thursday_hours","friday_hours","saturday_hours","sunday_hours","hours_type","hours_notes","narrative","narrative_type","narrative_source_url","source_url","details_source_url","hours_source_url","hours_checked_on","coordinates_source_url","coordinates_matched_address","data_notes"
"2941 Restaurant","No. 1","Top 10","Modern American","$$$$","Yellow corn-chanterelles, grilled Braveheart Farm rib-eye, Amaretto & Chocolate","2941 Fairview Park Drive, Falls Church, VA 22042","38.8693094","-77.2149100","https://www.2941.com/","703-270-1500","","","","","","","","","opening","Tuesday-Friday opens 17:00, last seating 20:30; Saturday opens 16:00, last seating 21:00. Closing times not published, so daily ranges withheld. Private events any day.","Modern American dining beside a lake, with chef’s tasting menus and à la carte service.","Original factual summary","https://www.2941.com/","https://northernvirginiamag.com/food-and-drink/reviews/2025/10/24/the-50-best-restaurants-in-northern-virginia-of-2025/","https://www.2941.com/","","","https://nominatim.openstreetmap.org/search?q=2941+Fairview+Park+Drive%2C+Falls+Church%2C+VA+22042&format=jsonv2&addressdetails=1&limit=3&countrycodes=us","2941, Fairview Park Drive, Merrifield, Fairfax County, Virginia, 22042, United States","Selection, cuisine, price, and Eat this are from the 2025 article; dish availability may change."
"Nostos","No. 2","Top 10","Greek","$$$","Flaming kefalograviera saganaki, skillet moussaka, lamb chops with asparagus","8100 Boone Boulevard, Vienna, VA 22182","38.9137436","-77.2257933","https://nostosrestaurant.com/","703-760-0690","","Closed","17:00-21:30","11:30-14:30; 17:00-21:30","11:30-14:30; 17:00-21:30","11:30-14:30; 17:00-21:30","17:00-22:00","Closed","opening","","Greek dining with mezze, seafood, and traditional dishes in Vienna.","Original factual summary","https://nostosrestaurant.com/","https://northernvirginiamag.com/food-and-drink/reviews/2025/10/24/the-50-best-restaurants-in-northern-virginia-of-2025/","https://nostosrestaurant.com/","https://nostosrestaurant.com/","2026-10-07","https://nominatim.openstreetmap.org/search?q=8100+Boone+Boulevard%2C+Vienna%2C+VA+22182&format=jsonv2&addressdetails=1&limit=3&countrycodes=us","NewEra Medical Aesthetics & Lasers, 8100, Boone Boulevard, Vienna, Fairfax County, Virginia, 22182, United States","Selection, cuisine, price, and Eat this are from the 2025 article; dish availability may change."
"The Ashby Inn & Restaurant","No. 3","Top 10","Modern American","$$$$","BLT gnocchi, herb-crusted rack of lamb, mango mousse","692 Federal Street, Paris, VA 20130","39.0045160","-77.9518620","https://www.ashbyinn.com/","540-592-3900","","Closed","17:00-20:30","17:00-20:30","17:00-20:30","11:30-15:00; 17:00-20:30","11:30-15:00; 17:00-20:30","11:30-15:00; 17:00-20:30","opening","Public lunch and dinner only; breakfast is restricted to inn guests. Official dining page supersedes differing OpenTable schedule.","Seasonal fine dining in a historic country inn in Paris, Virginia.","Original factual summary","https://www.ashbyinn.com/menu-reservations","https://northernvirginiamag.com/food-and-drink/reviews/2025/10/24/the-50-best-restaurants-in-northern-virginia-of-2025/","https://www.ashbyinn.com/menu-reservations","https://www.ashbyinn.com/menu-reservations","2026-10-07","https://nominatim.openstreetmap.org/search?q=692+Federal+Street%2C+Paris%2C+VA+20130&format=jsonv2&addressdetails=1&limit=3&countrycodes=us","The Ashby Restaurant, 692, Federal Street, Paris, Fauquier County, Virginia, 20130, United States","Selection, cuisine, price, and Eat this are from the 2025 article; dish availability may change."
"Yume Sushi","No. 4","Top 10","Japanese","$$$$","Monster Trio, ceviche with wasabi chips, sunomono salad with tiger shrimp","2121 N Westmoreland Street A-2, Arlington, VA 22213","38.8864440","-77.1622850","https://www.yumesushiva.com/","703-269-5064","","16:00-22:00","16:00-22:00","16:00-22:00","16:00-22:00","16:00-23:00","12:00-23:00","12:00-22:00","opening","","Japanese dining with sushi, seasonal menus, and a sushi counter in Arlington.","Original factual summary","https://www.yumesushiva.com/","https://northernvirginiamag.com/food-and-drink/reviews/2025/10/24/the-50-best-restaurants-in-northern-virginia-of-2025/","https://www.yumesushiva.com/location/yume-sushi/","https://www.yumesushiva.com/location/yume-sushi/","2026-10-07","https://nominatim.openstreetmap.org/search?q=2121+N+Westmoreland+Street+A-2%2C+Arlington%2C+VA+22213&format=jsonv2&addressdetails=1&limit=3&countrycodes=us","Yume Sushi, 2121, North Westmoreland Street, East Falls Church, Arlington, Arlington County, Virginia, 22213, United States","Selection, cuisine, price, and Eat this are from the 2025 article; dish availability may change."
"Seoul Prime","No. 5","Top 10","Modern Korean","$$$$","Heirloom tomato and burrata, prime steak tour, croffle","106 Founders Avenue, Falls Church, VA 22046","38.8904575","-77.1833596","https://www.seoulprime.com/","703-563-1168","","16:00-22:00","16:00-22:00","16:00-22:00","16:00-22:00","16:00-23:00","11:30-23:00","11:30-22:00","opening","","A Korean steakhouse in Falls Church offering beef tasting tours and wine pairings.","Original factual summary","https://www.seoulprime.com/","https://northernvirginiamag.com/food-and-drink/reviews/2025/10/24/the-50-best-restaurants-in-northern-virginia-of-2025/","https://www.seoulprime.com/","https://www.seoulprime.com/","2026-10-07","https://maps.app.goo.gl/VFygSKmN3PJNc9xM6","106 Founders Avenue, Falls Church, VA 22046","Selection, cuisine, price, and Eat this are from the 2025 article; dish availability may change."
"Modan","No. 6","Top 10","Japanese","$$$$","King salmon carpaccio, lamb chops, passionfruit kakigori","1788 Chain Bridge Road, McLean, VA 22102","38.9279357","-77.1989596","https://www.modanrestaurant.com/","703-743-6600","","11:30-14:00; 17:00-21:00","11:30-14:00; 17:00-21:00","11:30-14:00; 17:00-22:00","11:30-14:00; 17:00-22:00","11:30-14:00; 17:00-23:00","17:00-23:00","17:00-20:30","opening","Hours from the venue’s OpenTable listing; official site confirms weekday lunch but does not give a complete schedule.","Japanese dining in Tysons with sushi, grilled plates, and omakase experiences.","Original factual summary","https://www.opentable.com/r/modan-tysons","https://northernvirginiamag.com/food-and-drink/reviews/2025/10/24/the-50-best-restaurants-in-northern-virginia-of-2025/","https://www.opentable.com/r/modan-tysons","https://www.opentable.com/r/modan-tysons","2026-10-07","https://nominatim.openstreetmap.org/search?q=1788+Chain+Bridge+Road%2C+McLean%2C+VA+22102&format=jsonv2&addressdetails=1&limit=3&countrycodes=us","1788, Chain Bridge Road, Lewinsville, McLean, Fairfax County, Virginia, 22102, United States","Selection, cuisine, price, and Eat this are from the 2025 article; dish availability may change."
"Ingle Korean Steakhouse","No. 7","Top 10","Korean","$$$$","Corn cheese, hwe moo-chim, wagyu cuts of the day","8369 Leesburg Pike Suite A, Vienna, VA 22182","38.9214270","-77.2360920","https://www.inglekoreansteakhouse.com/","202-845-4966","","11:00-14:00; 17:00-22:00","11:00-14:00; 17:00-22:00","11:00-14:00; 17:00-22:00","11:00-14:00; 17:00-22:00","11:00-14:00; 17:00-22:00","11:00-14:00; 17:00-22:00","11:00-14:00; 17:00-22:00","opening","","A Korean steakhouse in Tysons offering grilled beef and Korean accompaniments.","Original factual summary","https://www.inglekoreansteakhouse.com/","https://northernvirginiamag.com/food-and-drink/reviews/2025/10/24/the-50-best-restaurants-in-northern-virginia-of-2025/","https://www.inglekoreansteakhouse.com/","https://www.inglekoreansteakhouse.com/tysons","2026-10-07","https://nominatim.openstreetmap.org/search?q=8369+Leesburg+Pike+%2C+Vienna%2C+VA+22182&format=jsonv2&addressdetails=1&limit=3&countrycodes=us","Sakura Japanese Steak Seafood & Sushi Bar, 8369, Leesburg Pike, Vienna, Fairfax County, Virginia, 22182, United States","Selection, cuisine, price, and Eat this are from the 2025 article; dish availability may change."
"Carbonara","No. 8","Top 10","Italian","$$$","Fritto misto, chicken parmigiana gnocchi, pistachio-ricotta dusted cake","3865 Wilson Boulevard, Arlington, VA 22203","38.8804413","-77.1061269","https://carbonarava.com/arlington","703-721-3905","","11:30-22:00","11:30-22:00","11:30-22:00","11:30-22:00","11:30-22:00","12:00-22:00","12:00-22:00","opening","","An Arlington Italian restaurant serving handmade pasta and family recipes.","Original factual summary","https://carbonarava.com/","https://northernvirginiamag.com/food-and-drink/reviews/2025/10/24/the-50-best-restaurants-in-northern-virginia-of-2025/","https://carbonarava.com/arlington","https://carbonarava.com/arlington","2026-10-07","https://nominatim.openstreetmap.org/search?q=3865+Wilson+Boulevard%2C+Arlington%2C+VA+22203&format=jsonv2&addressdetails=1&limit=3&countrycodes=us","3865, Wilson Boulevard, Virginia Square, Ballston, Arlington, Arlington County, Virginia, 22203, United States","Selection, cuisine, price, and Eat this are from the 2025 article; dish availability may change."
"Celebration by Rupa Vira","No. 9","Top 10","Modern Indian","$$","Kale and palak chaat, tandoori salmon, Chocolate Explosion cake","44260 Ice Rink Plaza Suite 120, Ashburn, VA 20147","39.01984","-77.46962","https://celebrationva.com/","571-281-2233","","Closed","11:30-14:30; 17:00-21:30","11:30-14:30; 17:00-21:30","11:30-14:30; 17:00-21:30","11:30-14:30; 17:00-22:00","11:30-15:00; 17:00-22:00","11:30-15:00; 17:00-21:30","opening","","Chef Rupa Vira’s modern Indian restaurant in Ashburn.","Original factual summary","https://celebrationva.com/","https://northernvirginiamag.com/food-and-drink/reviews/2025/10/24/the-50-best-restaurants-in-northern-virginia-of-2025/","https://celebrationva.com/","https://celebrationva.com/","2026-10-07","Existing dc-eats data/best_of_loudoun.csv","44260 Ice Rink Plz Suite 120, Ashburn, VA 20147","Selection, cuisine, price, and Eat this are from the 2025 article; dish availability may change."
"Local Provisions","No. 10","Top 10","Modern American","$$","Fritto misto, LoPro lamb burger, rigatoni Bolognese","46286 Cranston Street, Sterling, VA 20165","39.034215","-77.398505","https://www.localprovisionsva.com/","571-299-0789","","11:00-14:30; 16:30-20:30","11:00-14:30; 16:30-20:30","11:00-14:30; 16:30-20:30","11:00-14:30; 16:30-20:30","11:00-21:30","11:00-21:30","10:00-20:00","opening","Official website directs hours inquiries to Google Maps. Fallback schedule corroborated across Restaurantji and Wanderlog; confirm with venue.","A neighborhood hearth-and-grill restaurant in Sterling with seasonal food and house-made pasta.","Original factual summary","https://www.restaurantji.com/va/sterling/local-provisions-/","https://northernvirginiamag.com/food-and-drink/reviews/2025/10/24/the-50-best-restaurants-in-northern-virginia-of-2025/","https://www.restaurantji.com/va/sterling/local-provisions-/","https://www.restaurantji.com/va/sterling/local-provisions-/","2026-10-07","https://www.localprovisionsva.com/about-5","46286 Cranston Street, Sterling, VA 20165","Selection, cuisine, price, and Eat this are from the 2025 article; dish availability may change."
"Agora","","Top 50 (unranked)","Mediterranean","$$","Watermelon-feta mezze, Ottoman rice, fried cauliflower with Turkish figs and tahini","7911 Westpark Drive, McLean, VA 22102","38.9244693","-77.2189541","https://www.agorarestaurants.net/","703-663-8737","","","","","","","","","opening","Conflicting official schedules: old seasonal reservation page versus current ordering page; weekly dining hours not assigned.","Agora serves mediterranean cuisine in Tysons. It is included in Northern Virginia Magazine’s 2025 best-restaurants selection.","Original factual summary","https://northernvirginiamag.com/food-and-drink/reviews/2025/10/24/the-50-best-restaurants-in-northern-virginia-of-2025/","https://northernvirginiamag.com/food-and-drink/reviews/2025/10/24/the-50-best-restaurants-in-northern-virginia-of-2025/","https://www.agorarestaurants.net/","","","https://nominatim.openstreetmap.org/search?q=7911+Westpark+Dr.%2C+Tysons%2C+VA&format=jsonv2&addressdetails=1&limit=3&countrycodes=us","Nouvelle, 7911, Westpark Drive, Tysons, Fairfax County, Virginia, 22102, United States","Selection, cuisine, price, and Eat this are from the 2025 article; dish availability may change."
"Alias","","Top 50 (unranked)","Modern American","$$$$*","Maine diver scallop crudo, ginger-crusted Virginia rockfish, “spaghetti and meatballs”","7150 Farm Station Road, Warrenton, VA 20187","38.7437218","-77.6763567","","","permanently_closed","Closed","Closed","Closed","Closed","Closed","Closed","Closed","opening","Permanently closed on January 18, 2026. Historical 2025 selection retained. Former website redirects to unrelated content; website link withheld.","A former tasting-menu restaurant in Vint Hill. It closed permanently in January 2026.","Original factual summary","https://northernvirginiamag.com/food-and-drink/food-news/2026/01/19/alias-in-vint-hill-has-permanently-closed/","https://northernvirginiamag.com/food-and-drink/reviews/2025/10/24/the-50-best-restaurants-in-northern-virginia-of-2025/","https://northernvirginiamag.com/food-and-drink/food-news/2026/01/19/alias-in-vint-hill-has-permanently-closed/","https://northernvirginiamag.com/food-and-drink/food-news/2026/01/19/alias-in-vint-hill-has-permanently-closed/","2026-10-07","https://nominatim.openstreetmap.org/search?q=7150+Farm+Station+Road%2C+Vint+Hill%2C+Virginia&format=jsonv2&addressdetails=1&limit=3&countrycodes=us","Farm Station Café, 7150, Farm Station Road, Vint Hill Farms, Fauquier County, Virginia, 20181, United States","Selection, cuisine, price, and Eat this are from the 2025 article; dish availability may change. Coordinates match the named venue/address using a local street or locality alias. Coordinates match the named venue/address using a local street or locality alias."
"The Black Sheep","","Top 50 (unranked)","American","$$$","Grilled octopus, Caribbean Bibb salad, espresso-stuffed beignets","9935 Discovery Boulevard, Manassas, VA 20109","38.7424823","-77.5215735","https://theblacksheeprestaurant.com/","703-420-2028","","11:00-22:00","11:00-22:00","11:00-22:00","11:00-22:00","11:00-23:00","10:00-23:00","10:00-21:00","opening","These are happy-hour offer times, not restaurant opening hours.","American dining and whiskey in a renovated historic barn in Manassas.","Original factual summary","https://theblacksheeprestaurant.com/","https://northernvirginiamag.com/food-and-drink/reviews/2025/10/24/the-50-best-restaurants-in-northern-virginia-of-2025/","https://theblacksheeprestaurant.com/","https://theblacksheeprestaurant.com/","2026-10-07","https://nominatim.openstreetmap.org/search?q=9935+Discovery+Blvd.%2C+Manassas%2C+VA&format=jsonv2&addressdetails=1&limit=3&countrycodes=us","The Black Sheep Restaurant, 9935, Discovery Boulevard, Farm Brew LIVE Campus, Manassas, Prince William County, Virginia, 20109, United States","Selection, cuisine, price, and Eat this are from the 2025 article; dish availability may change."
"Café Colline","","Top 50 (unranked)","French","$$$","Roasted beets, moules frites, loup de mer","4536 Langston Boulevard, Arlington, VA 22207","38.8983331","-77.1191668","https://www.cafecollineva.com/","703-567-6615","","11:30-21:00","11:30-21:00","11:30-21:00","11:30-21:00","11:30-22:00","11:30-22:00","11:30-21:00","opening","Contact page and structured address give Langston Boulevard; homepage footer inconsistently says Cherry Hill Road. Visible current hours used instead of stale structured hours.","A French-inspired neighborhood restaurant in Arlington.","Original factual summary","https://www.cafecollineva.com/","https://northernvirginiamag.com/food-and-drink/reviews/2025/10/24/the-50-best-restaurants-in-northern-virginia-of-2025/","https://www.cafecollineva.com/","https://www.cafecollineva.com/","2026-10-07","https://nominatim.openstreetmap.org/search?q=4536+Lee+Highway%2C+Arlington%2C+Virginia&format=jsonv2&addressdetails=1&limit=3&countrycodes=us","Cafe Colline, 4536, Cherry Hill Road, Lee Heights, Cherrydale, Ballston, Arlington, Arlington County, Virginia, 22207, United States","Selection, cuisine, price, and Eat this are from the 2025 article; dish availability may change. Coordinates match the named venue/address using a local street or locality alias. Coordinates match the named venue/address using a local street or locality alias."
"Carmello’s","","Top 50 (unranked)","Mediterranean","$$$$","Calamari fritti, vieiras, Italian tiramisu","9108 Center Street, Manassas, VA 20110","38.7511548","-77.4723140","https://carmellos.com/","703-368-5522","private_events_only","","","","","","","","opening","Private dining/events by appointment only. No public weekly opening hours.","A Manassas Mediterranean restaurant now accepting private dining and event bookings by appointment.","Original factual summary","https://carmellos.com/","https://northernvirginiamag.com/food-and-drink/reviews/2025/10/24/the-50-best-restaurants-in-northern-virginia-of-2025/","https://carmellos.com/","https://carmellos.com/","","https://nominatim.openstreetmap.org/search?q=9108+Center+Street%2C+Manassas%2C+VA+20110&format=jsonv2&addressdetails=1&limit=3&countrycodes=us","Carmello's, 9108, Center Street, Manassas, Virginia, 20110, United States","Selection, cuisine, price, and Eat this are from the 2025 article; dish availability may change."
"CHĪKO","","Top 50 (unranked)","Chinese and Korean","$$","Double-fried chicken wings, cumin lamb stir fry, coconut custard","46308 Cranston St, Sterling, VA 20165","39.0504","-77.3821","https://www.mychiko.com/","571-375-7346","","11:00-21:00","11:00-21:00","11:00-21:00","11:00-21:00","11:00-21:00","11:00-21:00","11:00-21:00","opening","","CHĪKO serves chinese and korean cuisine in Arlington & Sterling. It is included in Northern Virginia Magazine’s 2025 best-restaurants selection.","Original factual summary","https://northernvirginiamag.com/food-and-drink/reviews/2025/10/24/the-50-best-restaurants-in-northern-virginia-of-2025/","https://northernvirginiamag.com/food-and-drink/reviews/2025/10/24/the-50-best-restaurants-in-northern-virginia-of-2025/","https://www.mychiko.com/","","2026-10-07","","","Selection, cuisine, price, and Eat this are from the 2025 article; dish availability may change. One row per article-listed branch; the selection is shared."
"CHĪKO","","Top 50 (unranked)","Chinese and Korean","$$","Double-fried chicken wings, cumin lamb stir fry, coconut custard","4040 Campbell Ave, Arlington, VA 22206","38.84054373","-77.08800453","https://www.mychiko.com/","571-312-0774","","16:00-21:00","16:00-21:00","11:00-21:00","11:00-21:00","11:00-21:00","11:00-21:00","11:00-21:00","opening","","CHĪKO serves chinese and korean cuisine in Arlington & Sterling. It is included in Northern Virginia Magazine’s 2025 best-restaurants selection.","Original factual summary","https://northernvirginiamag.com/food-and-drink/reviews/2025/10/24/the-50-best-restaurants-in-northern-virginia-of-2025/","https://northernvirginiamag.com/food-and-drink/reviews/2025/10/24/the-50-best-restaurants-in-northern-virginia-of-2025/","https://www.mychiko.com/","","2026-10-07","","","Selection, cuisine, price, and Eat this are from the 2025 article; dish availability may change. One row per article-listed branch; the selection is shared."
"Chosun Hwaro","","Top 50 (unranked)","Korean","$$$$","Gunmandu, Emperor’s Galbi, gyeran jjim","10790 Fairgrounds Drive, Fairfax, VA 22030","38.8549175","-77.3151420","https://www.chosunhwaro.com/","703-383-0004","","11:00-22:00","11:00-22:00","11:00-22:00","11:00-22:00","11:00-23:00","11:00-23:00","11:00-22:00","opening","Official site exposes no contact text; address/phone/hours corroborated across Wanderlog and Restaurant Guru. Fallback schedule; confirm with venue. Fallback schedule; confirm with venue.","Chosun Hwaro serves korean cuisine in Fairfax. It is included in Northern Virginia Magazine’s 2025 best-restaurants selection.","Original factual summary","https://northernvirginiamag.com/food-and-drink/reviews/2025/10/24/the-50-best-restaurants-in-northern-virginia-of-2025/","https://northernvirginiamag.com/food-and-drink/reviews/2025/10/24/the-50-best-restaurants-in-northern-virginia-of-2025/","https://wanderlog.com/place/details/13279010/chosun-hwaro","https://wanderlog.com/place/details/13279010/chosun-hwaro","2026-10-07","https://nominatim.openstreetmap.org/search?q=10790+Fairgrounds+Drive%2C+Fairfax%2C+VA+22030&format=jsonv2&addressdetails=1&limit=3&countrycodes=us","10790, Fairgrounds Drive, Fairfax, Virginia, 22030, United States","Selection, cuisine, price, and Eat this are from the 2025 article; dish availability may change."
"Clarity","","Top 50 (unranked)","Modern American","$$$$","Beet carpaccio, cucumber gazpacho with Maryland crab, wild Alaskan halibut","442 Maple Avenue E, Vienna, VA 22180","38.9074389","-77.2580007","https://www.clarityvienna.com/","703-539-8400","","16:30-21:00","16:30-21:00","16:30-21:00","16:30-21:00","16:30-22:00","16:30-22:00","16:30-21:00","opening","","Clarity serves modern american cuisine in Vienna. It is included in Northern Virginia Magazine’s 2025 best-restaurants selection.","Original factual summary","https://northernvirginiamag.com/food-and-drink/reviews/2025/10/24/the-50-best-restaurants-in-northern-virginia-of-2025/","https://northernvirginiamag.com/food-and-drink/reviews/2025/10/24/the-50-best-restaurants-in-northern-virginia-of-2025/","https://clarityvienna.com/tags/dinner","https://clarityvienna.com/tags/dinner","2026-10-07","https://nominatim.openstreetmap.org/search?q=442+Maple+Avenue+E%2C+Vienna%2C+VA+22180&format=jsonv2&addressdetails=1&limit=3&countrycodes=us","442, Maple Avenue East, Vienna, Fairfax County, Virginia, 22180, United States","Selection, cuisine, price, and Eat this are from the 2025 article; dish availability may change."
"Ellie Bird","","Top 50 (unranked)","Modern American","$$$","Vietnamese French onion soup, grilled Amish chicken, chocolate tart","125 Founders Avenue, Falls Church, VA 22046","38.8910680","-77.1834350","https://www.elliebirdva.com/","703-454-8894","","Closed","","","","","","","opening","Dinner Tuesday-Sunday starts 17:00, but closing time not published. Weekend brunch 09:30-14:00. Complete daily schedules withheld.","Ellie Bird serves modern american cuisine in Falls Church. It is included in Northern Virginia Magazine’s 2025 best-restaurants selection.","Original factual summary","https://northernvirginiamag.com/food-and-drink/reviews/2025/10/24/the-50-best-restaurants-in-northern-virginia-of-2025/","https://northernvirginiamag.com/food-and-drink/reviews/2025/10/24/the-50-best-restaurants-in-northern-virginia-of-2025/","https://www.elliebirdva.com/","https://www.elliebirdva.com/","2026-10-07","https://nominatim.openstreetmap.org/search?q=125+Founders+Ave.%2C+Falls+Church%2C+VA&format=jsonv2&addressdetails=1&limit=3&countrycodes=us","Ellie Bird, 125, Founders Avenue, Offutt Village, Falls Church, Virginia, 22046, United States","Selection, cuisine, price, and Eat this are from the 2025 article; dish availability may change."
"Elyse","","Top 50 (unranked)","Modern American","$$$$*","Berkshire pork jowl, Alaskan spot prawns, smoked beef belly","10822 Fairfax Boulevard, Fairfax, VA 22030","38.8549236","-77.3175327","https://elyse.lila.llc/","703-828-7821","","","","","","","","","opening","Tasting-menu reservations; no complete weekly hours published.","An intimate Fairfax restaurant offering a changing chef’s tasting menu.","Original factual summary","https://elyse.lila.llc/","https://northernvirginiamag.com/food-and-drink/reviews/2025/10/24/the-50-best-restaurants-in-northern-virginia-of-2025/","https://elyse.lila.llc/","https://elyse.lila.llc/","","https://nominatim.openstreetmap.org/search?q=10822+Fairfax+Boulevard%2C+Fairfax%2C+VA+22030&format=jsonv2&addressdetails=1&limit=3&countrycodes=us","10822, Fairfax Boulevard, Fairchester, Fairfax, Virginia, 22030, United States","Selection, cuisine, price, and Eat this are from the 2025 article; dish availability may change."
"Evelyn Rose","","Top 50 (unranked)","Modern American","$$$","Roasted baby beet salad, grilled sweet corn, whole-milk ricotta cavatelli","111 Church Street NW, Vienna, VA 22180","38.9020965","-77.2670302","https://www.evelynrosevienna.com/","703-249-9149","","16:30-21:00","16:30-21:00","16:30-21:00","16:30-21:00","16:30-22:00","17:00-22:00","17:00-21:00","opening","","Seasonal dining in Vienna from chef Nick Palermo and Sam Schnoebelen.","Original factual summary","https://www.evelynrosevienna.com/","https://northernvirginiamag.com/food-and-drink/reviews/2025/10/24/the-50-best-restaurants-in-northern-virginia-of-2025/","https://www.evelynrosevienna.com/","https://www.evelynrosevienna.com/","2026-10-07","https://nominatim.openstreetmap.org/search?q=111+Church+Street+NW%2C+Vienna%2C+VA+22180&format=jsonv2&addressdetails=1&limit=3&countrycodes=us","111, Church Street Northwest, Vienna, Fairfax County, Virginia, 22180, United States","Selection, cuisine, price, and Eat this are from the 2025 article; dish availability may change."
"Field & Main","","Top 50 (unranked)","Modern American","$$$$","OooMami Smash Burger, confit duck leg, chocolate brownie","8369 West Main Street, Marshall, VA 20115","38.8647254","-77.8574099","https://www.fieldandmainrestaurant.com/","540-364-8166","","Closed","Closed","","","","","","opening","Wednesday-Saturday starts 17:00 with last seating 20:30; Sunday starts 16:00 with last seating 19:30. These are not closing times, so ranges withheld.","Locally sourced, hearth-inspired cooking in a historic Marshall building.","Original factual summary","https://www.fieldandmainrestaurant.com/","https://northernvirginiamag.com/food-and-drink/reviews/2025/10/24/the-50-best-restaurants-in-northern-virginia-of-2025/","https://www.fieldandmainrestaurant.com/location/field-main-restaurant/","https://www.fieldandmainrestaurant.com/location/field-main-restaurant/","2026-10-07","https://nominatim.openstreetmap.org/search?q=8369+West+Main+Street%2C+Marshall%2C+VA+20115&format=jsonv2&addressdetails=1&limit=3&countrycodes=us","Field & Main Restaurant, 8369, West Main Street, Marshall, Fauquier County, Virginia, 20116, United States","Selection, cuisine, price, and Eat this are from the 2025 article; dish availability may change."
"Harrimans Grill","","Top 50 (unranked)","Modern American","$$$$","Slow-roasted lamb saddle, sweet corn parfait, olive oil honey cake","500 North Pendleton Street, Middleburg, VA 20117","38.9727533","-77.7433071","https://salamanderresort.com/","540-326-4114","","07:00-10:30","07:00-10:30","07:00-10:30; 17:00-22:00","07:00-10:30; 17:00-22:00","07:00-10:30; 17:00-22:00","07:00-10:30; 17:00-22:00","07:00-10:30; 11:30-14:00; 17:00-22:00","opening","Official Harrimans page used; Sunday brunch start differs from resort overview (11:00 versus 11:30), using dedicated restaurant page. Breakfast daily. Reservation phone supplied.","Fine dining at Salamander Middleburg, with breakfast, Sunday brunch, and dinner.","Original factual summary","https://salamanderresort.com/dining/harrimans","https://northernvirginiamag.com/food-and-drink/reviews/2025/10/24/the-50-best-restaurants-in-northern-virginia-of-2025/","https://salamanderresort.com/dining/harrimans","https://salamanderresort.com/dining/harrimans","2026-10-07","https://nominatim.openstreetmap.org/search?q=500+North+Pendleton+Street%2C+Middleburg%2C+VA+20117&format=jsonv2&addressdetails=1&limit=3&countrycodes=us","500, North Pendleton Street, Middleburg, Loudoun County, Virginia, 20117, United States","Selection, cuisine, price, and Eat this are from the 2025 article; dish availability may change."
"Harvey’s","","Top 50 (unranked)","American","$$$","Fried calamari, fire-roasted duck breast, bread pudding","513 West Broad Street Suite 130, Falls Church, VA 22046","38.8865426","-77.1787822","https://harveysva.com/","540-452-9143","","11:00-21:00","11:00-21:00","11:00-21:00","11:00-21:00","11:00-22:00","09:00-22:00","09:00-15:00","opening","","An American neighborhood restaurant serving brunch and dinner in Falls Church.","Original factual summary","https://harveysva.com/","https://northernvirginiamag.com/food-and-drink/reviews/2025/10/24/the-50-best-restaurants-in-northern-virginia-of-2025/","https://harveysva.com/","https://harveysva.com/","2026-10-07","https://nominatim.openstreetmap.org/search?q=513+West+Broad+Street%2C+Falls+Church%2C+VA+22046&format=jsonv2&addressdetails=1&limit=3&countrycodes=us","The Byron, 513, West Broad Street, Winter Hill, Falls Church, Virginia, 22046, United States","Selection, cuisine, price, and Eat this are from the 2025 article; dish availability may change."
"Joon","","Top 50 (unranked)","Persian","$$$$","Persian cucumber salad, grilled rockfish, chocolate and kataifi pie","8045 Leesburg Pike Suite 120, Vienna, VA 22182","38.9130140","-77.2241860","https://www.eatjoon.com/","571-378-1390","","Closed","11:30-22:00","11:30-22:00","11:30-22:00","11:30-23:00","11:00-23:00","11:00-22:00","opening","Saturday kitchen break 15:30-16:30; bar and bar menu remain available.","Joon serves persian cuisine in Vienna. It is included in Northern Virginia Magazine’s 2025 best-restaurants selection.","Original factual summary","https://northernvirginiamag.com/food-and-drink/reviews/2025/10/24/the-50-best-restaurants-in-northern-virginia-of-2025/","https://northernvirginiamag.com/food-and-drink/reviews/2025/10/24/the-50-best-restaurants-in-northern-virginia-of-2025/","https://www.eatjoon.com/contact","https://www.eatjoon.com/contact","2026-10-07","https://nominatim.openstreetmap.org/search?q=8045+Leesburg+Pike%2C+Vienna%2C+VA+22182&format=jsonv2&addressdetails=1&limit=3&countrycodes=us","Tiffany & Company, 8045, Leesburg Pike, Vienna, Fairfax County, Virginia, 22182, United States","Selection, cuisine, price, and Eat this are from the 2025 article; dish availability may change."
"L’Auberge Chez François","","Top 50 (unranked)","French","$$$$*","Crêpe à la ciboulette, La Choucroute Royale Garnie à L’Alsacienne, tarte au chocolat","332 Springvale Road, Great Falls, VA 22066","39.0292195","-77.3053420","https://www.laubergechezfrancois.com/","703-759-3800","","","","11:30-13:30; 16:30-21:00","11:30-13:30; 16:30-21:00","11:30-13:30; 16:30-21:00","11:30-13:30; 16:30-21:30","11:30-20:00","opening","Monday/Tuesday not explicitly specified in published main dining schedule; left unknown.","L’Auberge Chez François serves french cuisine in Great Falls. It is included in Northern Virginia Magazine’s 2025 best-restaurants selection.","Original factual summary","https://northernvirginiamag.com/food-and-drink/reviews/2025/10/24/the-50-best-restaurants-in-northern-virginia-of-2025/","https://northernvirginiamag.com/food-and-drink/reviews/2025/10/24/the-50-best-restaurants-in-northern-virginia-of-2025/","https://www.laubergechezfrancois.com/","https://laubergechezfrancois.com/","2026-10-07","https://nominatim.openstreetmap.org/search?q=332+Springvale+Road%2C+Great+Falls%2C+VA+22066&format=jsonv2&addressdetails=1&limit=3&countrycodes=us","L'Auberge Chez François, 332, Springvale Road, The Woodlands, Great Falls, Fairfax County, Virginia, 22066, United States","Selection, cuisine, price, and Eat this are from the 2025 article; dish availability may change."
"Magnolias at the Mill","","Top 50 (unranked)","American","$$$","Beef tenderloin-tip pasta, local quattro carne pizza, almond-crusted trout","198 N 21st Street, Purcellville, VA 20132","39.13834","-77.71565","https://www.magnoliasmill.com/","540-338-9800","","11:00-21:00","11:00-21:00","11:00-21:00","11:00-21:00","11:00-22:00","11:00-22:00","11:00-21:00","opening","Current official homepage schedule used.","Magnolias at the Mill serves american cuisine in Purcellville. It is included in Northern Virginia Magazine’s 2025 best-restaurants selection.","Original factual summary","https://northernvirginiamag.com/food-and-drink/reviews/2025/10/24/the-50-best-restaurants-in-northern-virginia-of-2025/","https://northernvirginiamag.com/food-and-drink/reviews/2025/10/24/the-50-best-restaurants-in-northern-virginia-of-2025/","https://www.magnoliasmill.com/","https://www.magnoliasmill.com/","2026-10-07","","","Selection, cuisine, price, and Eat this are from the 2025 article; dish availability may change."
"Maharani Palace","","Top 50 (unranked)","Indian","$$","Gol gappa, coconut machi curry, bhindi do pyaza","1030 Elden Street, Herndon, VA 20170","38.9675932","-77.3963910","https://www.maharanipalace.com/","703-544-0070","","11:30-14:30; 17:00-21:30","11:30-14:30; 17:00-21:30","11:30-14:30; 17:00-21:30","11:30-14:30; 17:00-21:30","11:30-14:30; 17:00-22:00","11:30-15:00; 17:00-22:00","11:30-15:00; 17:00-21:30","opening","","Indian dining in Herndon with buffet lunch and à la carte dinner.","Original factual summary","https://www.maharanipalace.com/","https://northernvirginiamag.com/food-and-drink/reviews/2025/10/24/the-50-best-restaurants-in-northern-virginia-of-2025/","https://www.maharanipalace.com/","https://www.maharanipalace.com/","2026-10-07","https://nominatim.openstreetmap.org/search?q=1030+Elden+Street%2C+Herndon%2C+VA+20170&format=jsonv2&addressdetails=1&limit=3&countrycodes=us","Mellow Mushroom, 1030, Elden Street, Herndon, Fairfax County, Virginia, 20170, United States","Selection, cuisine, price, and Eat this are from the 2025 article; dish availability may change."
"Mama Chang","","Top 50 (unranked)","Chinese","$$","Scallion bubble pancake, Ganghood fried chicken, three pepper beef tenderloin","3251 Blenheim Boulevard Suite 101, Fairfax, VA 22030","38.8615027","-77.2779382","https://www.mamachangva.com/","703-268-5556","","11:00-14:30; 17:00-21:30","11:00-14:30; 17:00-21:30","11:00-14:30; 17:00-21:30","11:00-14:30; 17:00-21:30","11:00-21:30","11:00-21:30","11:00-20:30","opening","Dine-in last call is 30 minutes before closing.","Mama Chang serves chinese cuisine in Fairfax. It is included in Northern Virginia Magazine’s 2025 best-restaurants selection.","Original factual summary","https://northernvirginiamag.com/food-and-drink/reviews/2025/10/24/the-50-best-restaurants-in-northern-virginia-of-2025/","https://northernvirginiamag.com/food-and-drink/reviews/2025/10/24/the-50-best-restaurants-in-northern-virginia-of-2025/","https://www.mamachangva.com/","https://mamachangva.com/","2026-10-07","https://nominatim.openstreetmap.org/search?q=3251+Blenheim+Boulevard+%2C+Fairfax%2C+VA+22030&format=jsonv2&addressdetails=1&limit=3&countrycodes=us","3251, Blenheim Boulevard, Fairfax Circle, Fairfax, Virginia, 22030, United States","Selection, cuisine, price, and Eat this are from the 2025 article; dish availability may change."
"Nue: Elegantly Vietnamese","","Top 50 (unranked)","Vietnamese","$$$","Chile oil wontons, golden soft-shell crab, ca phe tres leches","944 W Broad Street, Falls Church, VA 22046","38.8908705","-77.1841562","https://nuevietnamese.com/","571-777-9599","","11:00-15:00; 16:00-22:00","11:00-15:00; 16:00-22:00","11:00-15:00; 16:00-22:00","11:00-15:00; 16:00-22:30","11:00-15:00; 16:00-23:30","11:00-23:30","11:00-22:00","opening","","Nue: Elegantly Vietnamese serves vietnamese cuisine in Falls Church. It is included in Northern Virginia Magazine’s 2025 best-restaurants selection.","Original factual summary","https://northernvirginiamag.com/food-and-drink/reviews/2025/10/24/the-50-best-restaurants-in-northern-virginia-of-2025/","https://northernvirginiamag.com/food-and-drink/reviews/2025/10/24/the-50-best-restaurants-in-northern-virginia-of-2025/","https://nuevietnamese.com/","https://nuevietnamese.com/","2026-10-07","https://nominatim.openstreetmap.org/search?q=944+W+Broad+Street%2C+Falls+Church%2C+VA+22046&format=jsonv2&addressdetails=1&limit=3&countrycodes=us","Chasin' Tails, 944, West Broad Street, Offutt Village, Falls Church, Virginia, 22046, United States","Selection, cuisine, price, and Eat this are from the 2025 article; dish availability may change."
"Ometeo","","Top 50 (unranked)","Tex-Mex","$$$","Fried cauliflower, pollito con mole de la casa, tres leches","1640 Capital One Drive North, Tysons, VA 22102","38.9254418","-77.2126694","https://www.ometeotexmex.com/","703-748-7170","","11:30-21:30","11:30-21:30","11:30-21:30","11:30-21:30","11:30-00:00 (+1 day)","11:00-00:00 (+1 day)","11:00-21:30","opening","Friday/Saturday kitchen closes 22:30; bar stays open to midnight.","Ometeo serves tex-mex cuisine in Tysons. It is included in Northern Virginia Magazine’s 2025 best-restaurants selection.","Original factual summary","https://northernvirginiamag.com/food-and-drink/reviews/2025/10/24/the-50-best-restaurants-in-northern-virginia-of-2025/","https://northernvirginiamag.com/food-and-drink/reviews/2025/10/24/the-50-best-restaurants-in-northern-virginia-of-2025/","https://www.ometeotexmex.com/location/ometeo/","https://www.ometeotexmex.com/location/ometeo/","2026-10-07","https://nominatim.openstreetmap.org/search?q=Ometeo%2C+Tysons%2C+Virginia&format=jsonv2&addressdetails=1&limit=3&countrycodes=us","Ometeo, 1640, Capital One Drive, Tysons, Fairfax County, Virginia, 22103, United States","Selection, cuisine, price, and Eat this are from the 2025 article; dish availability may change."
"Osteria Marzano","","Top 50 (unranked)","Italian","$$$","Arancini, filetto al cacio e pepe, Nutella pizza","6361 Walker Lane Suite 140, Franconia, VA 22310","38.7687401","-77.1579855","https://www.osteriamarzano.com/","703-313-9700","","15:00-22:00","15:00-22:00","15:00-22:00","15:00-22:00","15:00-23:00","16:00-23:00","16:00-22:00","opening","","An Italian restaurant in Franconia offering pasta, seafood, and private dining.","Original factual summary","https://www.osteriamarzano.com/","https://northernvirginiamag.com/food-and-drink/reviews/2025/10/24/the-50-best-restaurants-in-northern-virginia-of-2025/","https://www.osteriamarzano.com/location/osteria-marzano/","https://www.osteriamarzano.com/location/osteria-marzano/","2026-10-07","https://nominatim.openstreetmap.org/search?q=6361+Walker+Lane%2C+Franconia%2C+VA+22310&format=jsonv2&addressdetails=1&limit=3&countrycodes=us","6361, Walker Lane, Springfield Forest, Springfield, Fairfax County, Virginia, 22310, United States","Selection, cuisine, price, and Eat this are from the 2025 article; dish availability may change."
"Padaek","","Top 50 (unranked)","Lao","$$","Lao chive cakes, catfish stir-fry, mango sticky rice","2931 South Glebe Road, Arlington, VA 22206","38.8455645","-77.0677940","https://www.stayarlington.com/directory/padaek/","703-888-2890","","17:00-21:00","Closed","17:00-21:00","12:00-21:00","12:00-21:00","12:00-21:00","12:00-21:00","opening","Municipal tourism listing used because former linked website is parked.","Lao and regional Thai cooking in Arlington Ridge from chef Seng Luangrath’s family recipes.","Original factual summary","https://www.stayarlington.com/directory/padaek/","https://northernvirginiamag.com/food-and-drink/reviews/2025/10/24/the-50-best-restaurants-in-northern-virginia-of-2025/","https://www.stayarlington.com/directory/padaek/","https://www.stayarlington.com/directory/padaek/","2026-10-07","https://nominatim.openstreetmap.org/search?q=2931+South+Glebe+Road%2C+Arlington%2C+VA+22206&format=jsonv2&addressdetails=1&limit=3&countrycodes=us","Virginia ABC, 2931, South Glebe Road, Long Branch Creek, Shirlington, Arlington, Arlington County, Virginia, 22206, United States","Selection, cuisine, price, and Eat this are from the 2025 article; dish availability may change."
"Rice Paper","","Top 50 (unranked)","Vietnamese","$$","Coconut salad with shrimp and pork, tofu coconut curry, lemongrass chile chicken","6775 Wilson Boulevard, Falls Church, VA 22044","38.87399845","-77.15467892","https://ricepaper-tasteofvietnam.com/","703-538-3888","","10:00-20:00","10:00-20:00","10:00-20:00","10:00-20:00","10:00-20:00","10:00-20:00","10:00-20:00","opening","Official page states opening hours without individual day labels; treated as daily.","Rice Paper serves vietnamese cuisine in Falls Church. It is included in Northern Virginia Magazine’s 2025 best-restaurants selection.","Original factual summary","https://northernvirginiamag.com/food-and-drink/reviews/2025/10/24/the-50-best-restaurants-in-northern-virginia-of-2025/","https://northernvirginiamag.com/food-and-drink/reviews/2025/10/24/the-50-best-restaurants-in-northern-virginia-of-2025/","https://ricepaper-tasteofvietnam.com/","https://ricepaper-tasteofvietnam.com/","2026-10-07","Existing dc-eats data/washingtonian_best_cheap_eats_2026.csv","6775 Wilson Blvd, Falls Church, VA 22044","Selection, cuisine, price, and Eat this are from the 2025 article; dish availability may change."
"Roberto’s Ristorante Italiano","","Top 50 (unranked)","Italian","$$$$","Pancetta di maiale croccante, fettuccini alla parmigiana, semifreddo di gianduia","144 Church Street NW, Vienna, VA 22180","38.9010370","-77.2675190","https://www.robertosva.com/","703-223-5336","","17:00-20:30","17:00-20:30","17:00-20:30","17:00-20:30","17:00-21:30","17:00-21:30","Closed","opening","Published dining hours; weekday aperitivo bar service starts 16:30.","Roberto’s Ristorante Italiano serves italian cuisine in Vienna. It is included in Northern Virginia Magazine’s 2025 best-restaurants selection.","Original factual summary","https://northernvirginiamag.com/food-and-drink/reviews/2025/10/24/the-50-best-restaurants-in-northern-virginia-of-2025/","https://northernvirginiamag.com/food-and-drink/reviews/2025/10/24/the-50-best-restaurants-in-northern-virginia-of-2025/","https://www.robertosva.com/location/robertos-ristorante-italiano/","https://www.robertosva.com/location/robertos-ristorante-italiano/","2026-10-07","https://nominatim.openstreetmap.org/search?q=144+Church+St.+NW%2C+Vienna%2C+VA&format=jsonv2&addressdetails=1&limit=3&countrycodes=us","Roberto's Ristorante Italiano, 144, Church Street Northwest, Vienna, Fairfax County, Virginia, 22180, United States","Selection, cuisine, price, and Eat this are from the 2025 article; dish availability may change."
"Ruthie’s All-Day","","Top 50 (unranked)","Southern","$$$","Deviled eggs, smoked brisket, Ruthie’s mac and cheese","3411 5th Street S, Arlington, VA 22204","38.8673218","-77.0952790","https://www.ruthiesallday.com/","703-888-2841","","07:00-21:00","07:00-21:00","07:00-21:00","07:00-21:00","07:00-22:00","09:00-22:00","09:00-21:00","opening","Secondary schedule from Waze; Saturday opens at 09:00.","Ruthie’s All-Day serves southern cuisine in Arlington. It is included in Northern Virginia Magazine’s 2025 best-restaurants selection.","Original factual summary","https://northernvirginiamag.com/food-and-drink/reviews/2025/10/24/the-50-best-restaurants-in-northern-virginia-of-2025/","https://northernvirginiamag.com/food-and-drink/reviews/2025/10/24/the-50-best-restaurants-in-northern-virginia-of-2025/","https://www.ruthiesallday.com/location/ruthies-all-day/","https://www.waze.com/live-map/directions/us/va/arlington/ruthies-all-day?to=place.ChIJ00VhYT23t4kRMQqrWqPktHw","2026-10-07","https://nominatim.openstreetmap.org/search?q=3411+5th+Street+S%2C+Arlington%2C+VA+22204&format=jsonv2&addressdetails=1&limit=3&countrycodes=us","Ruthie's All-Day, 3411, 5th Street South, Arlington Heights, Westmont, Clarendon, Arlington, Arlington County, Virginia, 22204, United States","Selection, cuisine, price, and Eat this are from the 2025 article; dish availability may change."
"Sabores Tapas Bar","","Top 50 (unranked)","Spanish","$$","Dátiles con tocino, garbanzos con espinacas, mejillones al vapor","2401 Columbia Pike, Arlington, VA 22204","38.8636254","-77.0834982","https://www.saboresva.com/","571-970-1253","","11:30-22:00","11:30-22:00","11:30-22:00","11:30-22:00","11:30-22:00","11:00-22:00","11:00-22:00","opening","","Spanish and Latin American tapas on Columbia Pike in Arlington.","Original factual summary","https://saboresva.com/","https://northernvirginiamag.com/food-and-drink/reviews/2025/10/24/the-50-best-restaurants-in-northern-virginia-of-2025/","https://saboresva.com/","https://saboresva.com/","2026-10-07","https://nominatim.openstreetmap.org/search?q=2401+Columbia+Pike%2C+Arlington%2C+VA+22204&format=jsonv2&addressdetails=1&limit=3&countrycodes=us","Sabores, 2401, Columbia Pike, Columbia Heights, Westmont, Arlington, Arlington County, Virginia, 22204, United States","Selection, cuisine, price, and Eat this are from the 2025 article; dish availability may change."
"The Salt Line","","Top 50 (unranked)","Seafood","$$$","Portuguese stew, fried Brussels sprouts, Boston cream doughnuts","4040 Wilson Boulevard, Arlington, VA 22203","38.8796390","-77.1086970","https://www.thesaltline.com/","703-566-2075","","11:30-22:00","11:30-22:00","11:30-22:00","11:30-22:00","11:30-23:00","11:00-23:00","11:00-22:00","opening","Dining hours; bar last call is later.","The Salt Line serves seafood cuisine in Arlington. It is included in Northern Virginia Magazine’s 2025 best-restaurants selection.","Original factual summary","https://northernvirginiamag.com/food-and-drink/reviews/2025/10/24/the-50-best-restaurants-in-northern-virginia-of-2025/","https://northernvirginiamag.com/food-and-drink/reviews/2025/10/24/the-50-best-restaurants-in-northern-virginia-of-2025/","https://www.thesaltline.com/location/the-salt-line/","https://www.thesaltline.com/location/the-salt-line-ballston/","2026-10-07","https://nominatim.openstreetmap.org/search?q=4040+Wilson+Boulevard%2C+Arlington%2C+VA+22203&format=jsonv2&addressdetails=1&limit=3&countrycodes=us","The Salt Line, 4040, Wilson Boulevard, Virginia Square, Ballston, Arlington, Arlington County, Virginia, 22203, United States","Selection, cuisine, price, and Eat this are from the 2025 article; dish availability may change."
"Semifreddo Italian Cuisine","","Top 50 (unranked)","Italian","$$$","Grilled Romana salad, bistecchina con funghi, torta di cioccolato","8687 Sudley Road, Manassas, VA 20110","38.7681305","-77.4861037","https://www.semifreddoitaliancuisine.com/","571-615-0631","","Closed","11:00-21:00","11:00-21:00","11:00-21:00","11:00-22:00","11:00-22:00","11:00-21:00","opening","","Italian dining in Manassas with homemade dishes and chef’s-table experiences.","Original factual summary","https://www.semifreddoitaliancuisine.com/","https://northernvirginiamag.com/food-and-drink/reviews/2025/10/24/the-50-best-restaurants-in-northern-virginia-of-2025/","https://www.semifreddoitaliancuisine.com/contact","https://www.semifreddoitaliancuisine.com/hours-and-information","2026-10-07","https://nominatim.openstreetmap.org/search?q=8687+Sudley+Road%2C+Manassas%2C+VA+20110&format=jsonv2&addressdetails=1&limit=3&countrycodes=us","8687, Sudley Road, Manassas, Virginia, 20110, United States","Selection, cuisine, price, and Eat this are from the 2025 article; dish availability may change."
"Sense of Thai","","Top 50 (unranked)","Thai","$$","Bolan larb gai, green curry, braised pork ramen","20413 Exchange Street, Ashburn, VA 20147","39.05292","-77.4543","https://senseofthai.com/","703-858-1980","","11:00-00:00 (+1 day)","11:00-00:00 (+1 day)","11:00-00:00 (+1 day)","11:00-00:00 (+1 day)","11:00-02:00 (+1 day)","11:00-02:00 (+1 day)","11:00-23:00","opening","Venue hours include late-night bar; kitchen may close earlier.","Sense of Thai serves thai cuisine in Ashburn & Chantilly. It is included in Northern Virginia Magazine’s 2025 best-restaurants selection.","Original factual summary","https://northernvirginiamag.com/food-and-drink/reviews/2025/10/24/the-50-best-restaurants-in-northern-virginia-of-2025/","https://northernvirginiamag.com/food-and-drink/reviews/2025/10/24/the-50-best-restaurants-in-northern-virginia-of-2025/","https://senseofthai.com/","https://senseofthai.com/contact-sense-of-thai-ashburn/","2026-10-07","Existing dc-eats data/best_of_loudoun.csv","20357 Exchange St, Ashburn, VA 20147","Selection, cuisine, price, and Eat this are from the 2025 article; dish availability may change. One row per article-listed branch; the selection is shared."
"Sense of Thai","","Top 50 (unranked)","Thai","$$","Bolan larb gai, green curry, braised pork ramen","25031 Riding Plaza Suite 150, Chantilly, VA 20152","38.9258929","-77.5219016","https://senseofthai.com/","703-835-3499","","","","","","","","","opening","Official location directory and dedicated Chantilly page disagree by 30 minutes on closing times; hours left unknown.","Sense of Thai serves thai cuisine in Ashburn & Chantilly. It is included in Northern Virginia Magazine’s 2025 best-restaurants selection.","Original factual summary","https://northernvirginiamag.com/food-and-drink/reviews/2025/10/24/the-50-best-restaurants-in-northern-virginia-of-2025/","https://northernvirginiamag.com/food-and-drink/reviews/2025/10/24/the-50-best-restaurants-in-northern-virginia-of-2025/","https://senseofthai.com/","","","https://nominatim.openstreetmap.org/search?q=25031+Riding+Plaza+%2C+Chantilly%2C+VA+20152&format=jsonv2&addressdetails=1&limit=3&countrycodes=us","Sense of Thai, 25031, Riding Plaza, South Riding Market Square, Chantilly, Loudoun County, Virginia, 20152, United States","Selection, cuisine, price, and Eat this are from the 2025 article; dish availability may change. One row per article-listed branch; the selection is shared."
"Sfoglina","","Top 50 (unranked)","Italian","$$$","Provolone garlic bread, gnocchi Sunday sauce, Sfoglina tiramisu","1100 Wilson Boulevard, Arlington, VA 22209","38.8945674","-77.0701582","https://sfoglinapasta.com/","703-893-8000","","11:30-21:30","11:30-21:30","11:30-21:30","11:30-21:30","11:30-22:00","11:30-15:00; 17:00-22:00","Closed","opening","Saturday brunch 11:30-15:00 and dinner 17:00-22:00. Main contact phone used; directions footer gives a different number.","Fabio Trabocchi’s Rosslyn pasta restaurant with handmade noodles and Italian cooking.","Original factual summary","https://sfoglinapasta.com/rosslyn","https://northernvirginiamag.com/food-and-drink/reviews/2025/10/24/the-50-best-restaurants-in-northern-virginia-of-2025/","https://sfoglinapasta.com/rosslyn","https://sfoglinapasta.com/rosslyn","2026-10-07","https://nominatim.openstreetmap.org/search?q=1100+Wilson+Blvd.%2C+Arlington%2C+VA&format=jsonv2&addressdetails=1&limit=3&countrycodes=us","1100, Wilson Boulevard, Rosslyn, Arlington, Arlington County, Virginia, 22209, United States","Selection, cuisine, price, and Eat this are from the 2025 article; dish availability may change."
"Stracci Pizza","","Top 50 (unranked)","Italian","$$","The Brooklyner, seasonal salads, tiramisu","106 Hume Avenue, Alexandria, VA 22301","38.8310190","-77.0588264","https://www.straccipizza.com/","571-213-5349","","","17:00-21:00","17:00-21:00","17:00-21:00","17:00-21:30","16:00-21:30","","opening","Monday/Sunday not explicitly specified; left unknown.","A Roman-style pizzeria in Alexandria using long-fermented dough and house-pulled stracciatella.","Original factual summary","https://www.straccipizza.com/","https://northernvirginiamag.com/food-and-drink/reviews/2025/10/24/the-50-best-restaurants-in-northern-virginia-of-2025/","https://www.straccipizza.com/","https://www.straccipizza.com/","2026-10-07","https://nominatim.openstreetmap.org/search?q=106+Hume+Avenue%2C+Alexandria%2C+VA+22301&format=jsonv2&addressdetails=1&limit=3&countrycodes=us","Stracci Pizza, 106, Hume Avenue, Oakville, Cora Kelly, Alexandria, Virginia, 22301, United States","Selection, cuisine, price, and Eat this are from the 2025 article; dish availability may change."
"The Study","","Top 50 (unranked)","Mesoamerican Fusion","$$$","Cevichito, bread and aged butter, cured duck breast","116 South Alfred Street, Alexandria, VA 22314","38.8046126","-77.0490185","https://www.thestudyalx.com/","703-838-8000","","Closed","Closed","17:00-22:00","17:00-22:00","17:00-22:00","17:00-22:00","Closed","opening","","Dining and cocktails at Morrison House in Old Town Alexandria, inspired by Mesoamerican cooking.","Original factual summary","https://www.thestudyalx.com/","https://northernvirginiamag.com/food-and-drink/reviews/2025/10/24/the-50-best-restaurants-in-northern-virginia-of-2025/","https://www.thestudyalx.com/location/the-study/","https://www.thestudyalx.com/location/the-study/","2026-10-07","https://nominatim.openstreetmap.org/search?q=116+South+Alfred+Street%2C+Alexandria%2C+VA+22314&format=jsonv2&addressdetails=1&limit=3&countrycodes=us","Morrison House Old Town Alexandria, Autograph Collection, 116, South Alfred Street, Lyles-Crouch, Eisenhower East, Alexandria, Virginia, 22314, United States","Selection, cuisine, price, and Eat this are from the 2025 article; dish availability may change."
"Thompson Italian","","Top 50 (unranked)","Italian","$$$","Summer melon salad, mafaldine, mixed berry tiramisu","124 N Washington Street, Falls Church, VA 22046","38.8825912","-77.1702391","https://thompsonitalian.com/","703-269-0893","","17:00-21:30","17:00-21:30","17:00-21:30","17:00-21:30","17:00-21:30","16:30-21:30","16:30-21:30","opening","","Thompson Italian serves italian cuisine in Alexandria & Falls Church. It is included in Northern Virginia Magazine’s 2025 best-restaurants selection.","Original factual summary","https://northernvirginiamag.com/food-and-drink/reviews/2025/10/24/the-50-best-restaurants-in-northern-virginia-of-2025/","https://northernvirginiamag.com/food-and-drink/reviews/2025/10/24/the-50-best-restaurants-in-northern-virginia-of-2025/","https://thompsonitalian.com/","https://thompsonitalian.com/our-location/","2026-10-07","https://nominatim.openstreetmap.org/search?q=124+N+Washington+Street%2C+Falls+Church%2C+VA+22046&format=jsonv2&addressdetails=1&limit=3&countrycodes=us","Thompson Italian, 124, North Washington Street, Falls Church, Virginia, 22046, United States","Selection, cuisine, price, and Eat this are from the 2025 article; dish availability may change. One row per article-listed branch; the selection is shared."
"Thompson Italian","","Top 50 (unranked)","Italian","$$$","Summer melon salad, mafaldine, mixed berry tiramisu","1024 King Street, Alexandria, VA 22314","38.8054362","-77.0511614","https://thompsonitalian.com/","571-431-7742","","17:00-21:00","17:00-21:00","17:00-21:00","17:00-21:00","16:30-21:00","16:30-21:00","16:30-21:00","opening","","Thompson Italian serves italian cuisine in Alexandria & Falls Church. It is included in Northern Virginia Magazine’s 2025 best-restaurants selection.","Original factual summary","https://northernvirginiamag.com/food-and-drink/reviews/2025/10/24/the-50-best-restaurants-in-northern-virginia-of-2025/","https://northernvirginiamag.com/food-and-drink/reviews/2025/10/24/the-50-best-restaurants-in-northern-virginia-of-2025/","https://thompsonitalian.com/","https://thompsonitalian.com/alexandria/","2026-10-07","https://nominatim.openstreetmap.org/search?q=1024+King+Street%2C+Alexandria%2C+VA+22314&format=jsonv2&addressdetails=1&limit=3&countrycodes=us","1024, King Street, Lyles-Crouch, Eisenhower East, Alexandria, Virginia, 22314, United States","Selection, cuisine, price, and Eat this are from the 2025 article; dish availability may change. One row per article-listed branch; the selection is shared."
"Trattoria Villagio","","Top 50 (unranked)","Italian","$$$","Baked meatballs, stuffed gnocchi, seven-layer chocolate cake","7145 Main Street, Clifton, VA 20124","38.780626","-77.3867972","https://trattoriavillagio.com/","703-543-2030","","11:30-22:00","11:30-22:00","11:30-22:00","11:30-22:00","11:30-23:00","11:30-23:00","11:30-21:00","opening","","Trattoria Villagio serves italian cuisine in Clifton. It is included in Northern Virginia Magazine’s 2025 best-restaurants selection.","Original factual summary","https://northernvirginiamag.com/food-and-drink/reviews/2025/10/24/the-50-best-restaurants-in-northern-virginia-of-2025/","https://northernvirginiamag.com/food-and-drink/reviews/2025/10/24/the-50-best-restaurants-in-northern-virginia-of-2025/","https://trattoriavillagio.com/","https://trattoriavillagio.com/","2026-10-07","https://trattoriavillagio.com/","7145 Main St","Selection, cuisine, price, and Eat this are from the 2025 article; dish availability may change."
"Trio Grill","","Top 50 (unranked)","Modern American","$$$","French onion soup gratinée, pan-seared dayboat scallops, Bourbon peach cobbler","8100 Lee Highway, Falls Church, VA 22042","38.8758101","-77.2237820","https://www.triomerrifield.com/","703-992-9200","","","","","","","","","opening","Only opening times published: bar daily 16:00; dining Mon-Thu 17:00, Fri-Sun 16:00. No closing times; ranges withheld.","Trio Grill serves modern american cuisine in Falls Church. It is included in Northern Virginia Magazine’s 2025 best-restaurants selection.","Original factual summary","https://northernvirginiamag.com/food-and-drink/reviews/2025/10/24/the-50-best-restaurants-in-northern-virginia-of-2025/","https://northernvirginiamag.com/food-and-drink/reviews/2025/10/24/the-50-best-restaurants-in-northern-virginia-of-2025/","https://www.triomerrifield.com/location/merrifield/","","","https://nominatim.openstreetmap.org/search?q=8100+Lee+Highway%2C+Falls+Church%2C+VA+22042&format=jsonv2&addressdetails=1&limit=3&countrycodes=us","8100, Route 29, Falls Church, Fairfax County, Virginia, 22042, United States","Selection, cuisine, price, and Eat this are from the 2025 article; dish availability may change."
"Trummer’s","","Top 50 (unranked)","Modern American","$$$","Badger Flame beets, Joyce Farm chicken, Chocolate & Lavender","7134 Main Street, Clifton, VA 20124","38.7812279","-77.3877050","https://www.trummersrestaurant.com/","703-266-1623","","","","","","","","","opening","Lunch Tue-Sat 12:00-15:30; Sat brunch 12:00-15:30, Sun brunch 11:00-14:30. Tue-Sat dinner from 16:00 to unspecified close; full daily ranges withheld.","An American bistro in historic Clifton with a dining room, bar, and lounge.","Original factual summary","https://www.trummersrestaurant.com/","https://northernvirginiamag.com/food-and-drink/reviews/2025/10/24/the-50-best-restaurants-in-northern-virginia-of-2025/","https://www.trummersrestaurant.com/","https://www.trummersrestaurant.com/","","https://nominatim.openstreetmap.org/search?q=7134+Main+Street%2C+Clifton%2C+VA+20124&format=jsonv2&addressdetails=1&limit=3&countrycodes=us","Trummer's on Main, 7134, Main Street, Clifton, Fairfax County, Virginia, 20124, United States","Selection, cuisine, price, and Eat this are from the 2025 article; dish availability may change."
"Tuscarora Mill","","Top 50 (unranked)","American","$$$","Omelet station, grain salad, butterscotch bread pudding","203 Harrison Street SE, Leesburg, VA 20175","39.1129380","-77.5625990","https://www.tuskies.com/","703-771-9300","","11:00-22:00","11:00-22:00","11:00-22:00","11:00-22:00","11:00-23:00","11:00-23:00","10:00-21:00","opening","","Tuscarora Mill serves american cuisine in Leesburg. It is included in Northern Virginia Magazine’s 2025 best-restaurants selection.","Original factual summary","https://northernvirginiamag.com/food-and-drink/reviews/2025/10/24/the-50-best-restaurants-in-northern-virginia-of-2025/","https://northernvirginiamag.com/food-and-drink/reviews/2025/10/24/the-50-best-restaurants-in-northern-virginia-of-2025/","https://www.tuskies.com/","https://www.tuskies.com/?NF=1","2026-10-07","https://nominatim.openstreetmap.org/search?q=203+Harrison+Street+SE%2C+Leesburg%2C+VA+20175&format=jsonv2&addressdetails=1&limit=3&countrycodes=us","203, Harrison Street Southeast, Leesburg, Loudoun County, Virginia, 20175, United States","Selection, cuisine, price, and Eat this are from the 2025 article; dish availability may change."
"Vermilion","","Top 50 (unranked)","Modern American","$$$$","Country ham bruschetta, slow-cooked beef short rib, dark and milk chocolate cremeux","1120 King Street, Alexandria, VA 22314","38.8054973","-77.0522910","https://www.vermilionrestaurant.com/","703-684-9669","","Closed","","","","","","","opening","Bar opens 16:00 and dinner 17:00 Tue-Sun; weekend brunch 10:30-14:30. Closing times unpublished; ranges withheld.","Seasonal Mid-Atlantic cooking in Old Town Alexandria.","Original factual summary","https://www.vermilionrestaurant.com/","https://northernvirginiamag.com/food-and-drink/reviews/2025/10/24/the-50-best-restaurants-in-northern-virginia-of-2025/","https://www.vermilionrestaurant.com/","https://www.vermilionrestaurant.com/","2026-10-07","https://nominatim.openstreetmap.org/search?q=1120+King+St.%2C+Alexandria%2C+VA&format=jsonv2&addressdetails=1&limit=3&countrycodes=us","Vermilion, 1120, King Street, Lyles-Crouch, Eisenhower East, Alexandria, Virginia, 22314, United States","Selection, cuisine, price, and Eat this are from the 2025 article; dish availability may change."
"Wren","","Top 50 (unranked)","Japanese","$$","Hamachi carpaccio, pork belly bao buns, miso black cod","1825 Capital One Drive, Tysons, VA 22102","38.9249676","-77.2110562","https://www.wrentysons.com/","703-655-9527","","16:30-23:00","16:30-00:00 (+1 day)","16:30-00:00 (+1 day)","16:30-00:00 (+1 day)","16:30-00:00 (+1 day)","16:30-00:00 (+1 day)","16:30-22:00","opening","Venue hours; kitchen closes Sunday 21:00, Monday 22:00, Tue-Sat 23:00.","Japanese izakaya dining on the eleventh floor of The Watermark Hotel in Tysons.","Original factual summary","https://www.wrentysons.com/","https://northernvirginiamag.com/food-and-drink/reviews/2025/10/24/the-50-best-restaurants-in-northern-virginia-of-2025/","https://www.wrentysons.com/","https://www.wrentysons.com/","2026-10-07","https://nominatim.openstreetmap.org/search?q=1825+Capital+One+Drive%2C+Tysons%2C+VA+22102&format=jsonv2&addressdetails=1&limit=3&countrycodes=us","1825, Capital One Drive, Tysons, Fairfax County, Virginia, 22102, United States","Selection, cuisine, price, and Eat this are from the 2025 article; dish availability may change."
