"category","place","restaurant_name","address","latitude","longitude","website","phone","cuisine","hours_type","monday_hours","tuesday_hours","wednesday_hours","thursday_hours","friday_hours","saturday_hours","sunday_hours","narrative","menu_url","source_url","details_source_url","hours_source_url","hours_checked_on","happy_hour_schedule","hours_notes","narrative_type","narrative_source_url","coordinates_source_url","coordinates_matched_address","data_notes"
"Alexandria and Springfield","Featured","Ada’s on the River","3 Pioneer Mill Way, Alexandria, VA","38.8016140","-77.0396390","https://adasontheriver.com/","703-638-1400","American","happy_hour","15:00-18:00","15:00-18:00","15:00-18:00","15:00-18:00","15:00-18:00","Not offered","Not offered","Waterfront American dining with wood-fired cooking and a weekday cocktail-and-small-plate social hour.","https://adasontheriver.com/","https://northernvirginiamag.com/food-and-drink/2026/07/31/great-happy-hours-spots-in-northern-virginia/","https://adasontheriver.com/","https://northernvirginiamag.com/food-and-drink/2026/07/31/great-happy-hours-spots-in-northern-virginia/","2026-10-07","Monday through Friday, 3–6 p.m.","These are happy-hour offer times, not restaurant opening hours.","Original factual summary","https://adasontheriver.com/","https://nominatim.openstreetmap.org/search?q=3+Pioneer+Mill+Way%2C+Alexandria%2C+VA&format=jsonv2&addressdetails=1&limit=3&countrycodes=us","Ada's on the River, 3, Pioneer Mill Way, Robinson Landing, Lyles-Crouch, Alexandria, Virginia, 22314, United States",""
"Alexandria and Springfield","Featured","Hangry Burger","6699 Frontier Dr., Ste. G, Springfield, VA","38.7721920","-77.1709800","https://hangry-burger.com/","571-371-8477","Burgers","happy_hour","15:00-18:00","15:00-18:00","15:00-18:00","15:00-18:00","15:00-18:00","Not offered","Not offered","A Springfield burger restaurant serving burgers, wings, and chicken sandwiches.","https://hangry-burger.com/","https://northernvirginiamag.com/food-and-drink/2026/07/31/great-happy-hours-spots-in-northern-virginia/","https://hangry-burger.com/tags/burger","https://northernvirginiamag.com/food-and-drink/2026/07/31/great-happy-hours-spots-in-northern-virginia/","2026-10-07","Monday through Friday, 3–6 p.m.","These are happy-hour offer times, not restaurant opening hours.","Original factual summary","https://hangry-burger.com/","https://nominatim.openstreetmap.org/search?q=6699+Frontier+Dr.%2C+Springfield%2C+VA&format=jsonv2&addressdetails=1&limit=3&countrycodes=us","Dunkin', 6699, Frontier Drive, Springfield Station, Springfield, Fairfax County, Virginia, 22150, United States","Coordinates identify the street-address building; tenant/suite names in geocoder data may differ."
"Alexandria and Springfield","Featured","Smyrna","7588 Telegraph Rd., Alexandria, VA","38.7527452","-77.1397971","https://restaurantsmyrna.com/","571-371-8228","Greek, Turkish","happy_hour","15:00-18:00","15:00-18:00","15:00-18:00","15:00-18:00","Not offered","Not offered","15:00-18:00","Greek and Turkish dining with mezze, beer, and cocktails.","https://restaurantsmyrna.com/happy-hour","https://northernvirginiamag.com/food-and-drink/2026/07/31/great-happy-hours-spots-in-northern-virginia/","https://restaurantsmyrna.com/","https://northernvirginiamag.com/food-and-drink/2026/07/31/great-happy-hours-spots-in-northern-virginia/","2026-10-07","Sunday through Thursday, 3–6 p.m.","These are happy-hour offer times, not restaurant opening hours.","Original factual summary","https://restaurantsmyrna.com/","https://nominatim.openstreetmap.org/search?q=7588+Telegraph+Rd.%2C+Alexandria%2C+VA&format=jsonv2&addressdetails=1&limit=3&countrycodes=us","Smyrna Restaurant, 7588, Telegraph Road, Alexandria, Fairfax County, Virginia, 22315, United States",""
"Alexandria and Springfield","Featured","Vermilion","1120 King St., Alexandria, VA","38.8054973","-77.0522910","https://www.vermilionrestaurant.com/","703-684-9669","American","happy_hour","Not offered","16:00-18:00","16:00-18:00","16:00-18:00","16:00-18:00","15:00-17:00","15:00-17:00","An Old Town restaurant with seasonal regional American cooking and a tavern bar.","https://www.vermilionrestaurant.com/_files/ugd/ea7e5d_a55ed362f75d457a81fa17db11a1b947.pdf","https://northernvirginiamag.com/food-and-drink/2026/07/31/great-happy-hours-spots-in-northern-virginia/","https://www.vermilionrestaurant.com/","https://northernvirginiamag.com/food-and-drink/2026/07/31/great-happy-hours-spots-in-northern-virginia/","2026-10-07","Tuesday through Friday, 4–6 p.m.; Saturday and Sunday, 3–5 p.m.","These are happy-hour offer times, not restaurant opening hours.","Original factual summary","https://www.vermilionrestaurant.com/","https://nominatim.openstreetmap.org/search?q=1120+King+St.%2C+Alexandria%2C+VA&format=jsonv2&addressdetails=1&limit=3&countrycodes=us","Vermilion, 1120, King Street, Lyles-Crouch, Eisenhower East, Alexandria, Virginia, 22314, United States",""
"Alexandria and Springfield","Featured","The Majestic by Chef Santiago Lopez","911 King St., Alexandria, VA","38.8056311","-77.0495570","https://www.themajesticva.com/","703-837-9117","American, Mediterranean","happy_hour","15:00-19:00","15:00-19:00","15:00-19:00","15:00-19:00","15:00-19:00","Not offered","Not offered","A King Street restaurant serving New American food with Mediterranean influences.","https://www.themajesticva.com/majestic-hour","https://northernvirginiamag.com/food-and-drink/2026/07/31/great-happy-hours-spots-in-northern-virginia/","https://www.themajesticva.com/","https://northernvirginiamag.com/food-and-drink/2026/07/31/great-happy-hours-spots-in-northern-virginia/","2026-10-07","Monday through Friday, 3–7 p.m.","These are happy-hour offer times, not restaurant opening hours.","Original factual summary","https://www.themajesticva.com/","https://nominatim.openstreetmap.org/search?q=911+King+St.%2C+Alexandria%2C+VA&format=jsonv2&addressdetails=1&limit=3&countrycodes=us","The Majestic Cafe, 911, King Street, Jefferson Houston, Eisenhower East, Alexandria, Virginia, 22314, United States",""
"Vienna and Tysons","Featured","Agora","7911 Westpark Dr., Tysons, VA","38.9244693","-77.2189541","https://www.agorarestaurants.net/","703-663-8737","Mediterranean","happy_hour","16:00-18:00","16:00-18:00","16:00-18:00","16:00-18:00","Not offered","Not offered","Not offered","Mediterranean dining in Tysons, with mezze and a bar menu.","https://www.agorarestaurants.net/agora-tyson-menus/","https://northernvirginiamag.com/food-and-drink/2026/07/31/great-happy-hours-spots-in-northern-virginia/","Existing dc-eats data/northernvamag_best_of_nova_2026.csv","https://northernvirginiamag.com/food-and-drink/2026/07/31/great-happy-hours-spots-in-northern-virginia/","2026-10-07","Monday through Thursday, 4–6 p.m.","These are happy-hour offer times, not restaurant opening hours.","Original factual summary","https://www.agorarestaurants.net/agora-tyson-menus/","https://nominatim.openstreetmap.org/search?q=7911+Westpark+Dr.%2C+Tysons%2C+VA&format=jsonv2&addressdetails=1&limit=3&countrycodes=us","Nouvelle, 7911, Westpark Drive, Tysons, Fairfax County, Virginia, 22102, United States",""
"Vienna and Tysons","Featured","Ometeo","1640 Capital One Dr. N., Tysons, VA","","","https://www.ometeotexmex.com/","703-748-7170","Tex-Mex","happy_hour","15:00-18:00","15:00-18:00","15:00-18:00","15:00-18:00","15:00-18:00","Not offered","11:00-21:30","Tex-Mex dining at Capital One Center, with happy-hour offers at its indoor and outdoor bars.","https://www.ometeotexmex.com/menu/happy-hour/","https://northernvirginiamag.com/food-and-drink/2026/07/31/great-happy-hours-spots-in-northern-virginia/","https://www.ometeotexmex.com/location/ometeo/","https://www.ometeotexmex.com/menu/happy-hour/","2026-10-07","Monday through Friday, 3–6 p.m., all day Sunday.","Sunday all-day offer bounded by official Sunday service hours (11:00-21:30); indoor/outdoor bars only.","Original factual summary","https://www.ometeotexmex.com/","","","No exact street-address geocoding match; coordinates left blank."
"Vienna and Tysons","Featured","Roberto’s Ristorante Italiano","144 Church St. NW, Vienna, VA","38.9010370","-77.2675190","https://www.robertosva.com/","703-223-5336","Italian","happy_hour","16:30-18:00","16:30-18:00","16:30-18:00","16:30-18:00","16:30-18:00","Not offered","Not offered","An Italian restaurant in Vienna offering pasta, pizza, and wine.","https://www.robertosva.com/menus/","https://northernvirginiamag.com/food-and-drink/2026/07/31/great-happy-hours-spots-in-northern-virginia/","https://www.robertosva.com/menus/","https://northernvirginiamag.com/food-and-drink/2026/07/31/great-happy-hours-spots-in-northern-virginia/","2026-10-07","Monday through Friday, 4:30–6 p.m.","These are happy-hour offer times, not restaurant opening hours.","Original factual summary","https://www.robertosva.com/","https://nominatim.openstreetmap.org/search?q=144+Church+St.+NW%2C+Vienna%2C+VA&format=jsonv2&addressdetails=1&limit=3&countrycodes=us","Roberto's Ristorante Italiano, 144, Church Street Northwest, Vienna, Fairfax County, Virginia, 22180, United States",""
"Vienna and Tysons","Featured","Seray","160 Maple Ave. W., Vienna, VA","38.8997374","-77.2666063","https://www.serayrestaurant.com/","703-223-5800","Lebanese","happy_hour","15:00-18:00","15:00-18:00","15:00-18:00","15:00-18:00","15:00-18:00","Not offered","Not offered","Lebanese dining in Vienna, with mezze, grilled dishes, and cocktails.","https://www.serayrestaurant.com/","https://northernvirginiamag.com/food-and-drink/2026/07/31/great-happy-hours-spots-in-northern-virginia/","https://www.serayrestaurant.com/","https://northernvirginiamag.com/food-and-drink/2026/07/31/great-happy-hours-spots-in-northern-virginia/","2026-10-07","Monday through Friday, 3–6 p.m.","These are happy-hour offer times, not restaurant opening hours.","Original factual summary","https://www.serayrestaurant.com/","https://nominatim.openstreetmap.org/search?q=160+Maple+Ave.+W.%2C+Vienna%2C+VA&format=jsonv2&addressdetails=1&limit=3&countrycodes=us","Chopt, 160, Maple Avenue West, Vienna, Fairfax County, Virginia, 22180, United States","Coordinates identify the street-address building; tenant/suite names in geocoder data may differ."
"Vienna and Tysons","Featured","Joon","8045 Leesburg Pk., Ste. 120, Tysons, VA","38.9129608","-77.2240008","https://www.eatjoon.com/","571-378-1390","Persian","happy_hour","Not offered","15:00-18:00","15:00-18:00","11:30-22:00","15:00-18:00","15:00-18:00","15:00-18:00","Persian dining in Tysons, with a MayBar lounge and social-hour small plates.","https://popmenucloud.com/lxfnpcva/968a6e03-68c6-43a7-934c-b0e6b583b401.jpg","https://northernvirginiamag.com/food-and-drink/2026/07/31/great-happy-hours-spots-in-northern-virginia/","https://www.eatjoon.com/","https://www.opentable.com/r/joon-vienna","2026-10-07","Daily, 3–6 p.m., all day Thursday.","Monday is closed on the current official site, superseding article daily wording. Thursday all-day bounded by published 11:30-22:00 hours. Some weekend food items unavailable during kitchen breaks.","Original factual summary","https://www.eatjoon.com/","https://nominatim.openstreetmap.org/search?q=8045+Leesburg+Pk.%2C+Tysons%2C+VA&format=jsonv2&addressdetails=1&limit=3&countrycodes=us","8045, Leesburg Pike, Tysons, Fairfax County, Virginia, 22182, United States",""
"Arlington and National Landing","Featured","Ambar","2901 Wilson Blvd., Arlington, VA","38.8887448","-77.0934243","https://ambarrestaurant.com/","703-875-9663","Balkan","happy_hour","12:00-18:00","12:00-18:00","12:00-18:00","12:00-18:00","12:00-18:00","Not offered","Not offered","A Balkan restaurant in Clarendon with small plates and weekday happy hour.","https://ambarrestaurant.com/page/clarendon-happy-hour-menu","https://northernvirginiamag.com/food-and-drink/2026/07/31/great-happy-hours-spots-in-northern-virginia/","https://ambarrestaurant.com/clarendon","https://ambarrestaurant.com/clarendon","2026-10-07","Monday through Friday, noon–6 p.m.","These are happy-hour offer times, not restaurant opening hours.","Original factual summary","https://ambarrestaurant.com/","https://nominatim.openstreetmap.org/search?q=2901+Wilson+Blvd.%2C+Arlington%2C+VA&format=jsonv2&addressdetails=1&limit=3&countrycodes=us","Ambar Clarendon, 2901, Wilson Boulevard, Lyon Village, Clarendon, Arlington, Arlington County, Virginia, 22201, United States",""
"Arlington and National Landing","Featured","NiHao","1550 Crystal Dr., Ste. F, Arlington, VA","38.8596925","-77.0497499","https://www.nihaoarlington.com/","703-512-4109","Chinese","happy_hour","16:00-18:00","16:00-18:00","16:00-18:00","16:00-18:00","16:00-18:00","Not offered","Not offered","Chinese dining in National Landing, with dim sum and cocktails.","https://www.nihaoarlington.com/wine-cocktails-1","https://northernvirginiamag.com/food-and-drink/2026/07/31/great-happy-hours-spots-in-northern-virginia/","https://www.nihaoarlington.com/wine-cocktails-1","https://northernvirginiamag.com/food-and-drink/2026/07/31/great-happy-hours-spots-in-northern-virginia/","2026-10-07","Monday through Friday, 4–6 p.m.","These are happy-hour offer times, not restaurant opening hours.","Original factual summary","https://www.nihaoarlington.com/","https://nominatim.openstreetmap.org/search?q=1550+Crystal+Dr.%2C+Arlington%2C+VA&format=jsonv2&addressdetails=1&limit=3&countrycodes=us","1550 Crystal Drive, 1550, Crystal Drive, National Landing, Crystal City, Arlington, Arlington County, Virginia, 22202, United States",""
"Arlington and National Landing","Featured","Sfoglina","1100 Wilson Blvd., Arlington, VA","38.8945674","-77.0701582","https://sfoglinapasta.com/","703-893-8000","Italian","happy_hour","15:00-19:00","15:00-19:00","15:00-19:00","15:00-19:00","15:00-19:00","15:00-19:00","Not offered","An Italian pasta restaurant in Rosslyn with happy-hour service at its bar and patio.","https://sfoglinapasta.com/happy-hour","https://northernvirginiamag.com/food-and-drink/2026/07/31/great-happy-hours-spots-in-northern-virginia/","https://sfoglinapasta.com/rosslyn","https://sfoglinapasta.com/happy-hour","2026-10-07","Monday through Saturday, 3–7 p.m.","Dedicated happy-hour menu and article say 15:00-19:00; homepage says 15:00-18:00. The dedicated menu is used; confirm end time. Bar and patio only.","Original factual summary","https://sfoglinapasta.com/","https://nominatim.openstreetmap.org/search?q=1100+Wilson+Blvd.%2C+Arlington%2C+VA&format=jsonv2&addressdetails=1&limit=3&countrycodes=us","1100, Wilson Boulevard, Rosslyn, Arlington, Arlington County, Virginia, 22209, United States",""
"Arlington and National Landing","Featured","Surreal","2117 Crystal Dr., Arlington, VA","38.8548913","-77.0490411","https://www.sevenreasonsgroup.com/surreal","703-249-9618","Global","happy_hour","Not offered","15:00-18:00","15:00-18:00","15:00-18:00","15:00-18:00","Not offered","","A global restaurant in National Landing, housed in a glass pavilion.","https://www.sevenreasonsgroup.com/surreal","https://northernvirginiamag.com/food-and-drink/2026/07/31/great-happy-hours-spots-in-northern-virginia/","https://www.stayarlington.com/directory/surreal/","https://www.sevenreasonsgroup.com/surreal","2026-10-07","Tuesday through Friday, 3–6 p.m., Sunday and Monday, 4 p.m. to close.","Article Sunday/Monday 16:00-close conflicts with current operator page: Monday closed, Sunday closes at 16:00. Sunday offer withheld; verify with venue.","Original factual summary","https://www.sevenreasonsgroup.com/surreal","https://nominatim.openstreetmap.org/search?q=2117+Crystal+Dr.%2C+Arlington%2C+VA&format=jsonv2&addressdetails=1&limit=3&countrycodes=us","Surreal, 2117, Crystal Drive, National Landing, Crystal City, Arlington, Arlington County, Virginia, 22202, United States",""
"Arlington and National Landing","Featured","Salt","1201 Wilson Boulevard, Arlington, VA","38.8955936","-77.0711653","https://saltrosslyn.com/","703-875-0491","American","happy_hour","17:00-19:00","17:00-19:00","17:00-19:00","17:00-19:00","16:00-19:00","Not offered","Not offered","A cocktail bar below Open Road in Rosslyn, with a burger and seasonal drinks.","https://saltrosslyn.com/happy-hour/","https://northernvirginiamag.com/food-and-drink/2026/07/31/great-happy-hours-spots-in-northern-virginia/","https://saltrosslyn.com/location/","https://saltrosslyn.com/location/","2026-10-07","Monday through Friday, 4–7 p.m.","Official location page lists Monday-Thursday 17:00-19:00 and Friday 16:00-19:00, differing from article/menu 16:00 starts.","Original factual summary","https://saltrosslyn.com/","https://nominatim.openstreetmap.org/search?q=1201+Wilson+Boulevard%2C+Arlington%2C+VA&format=jsonv2&addressdetails=1&limit=3&countrycodes=us","Central Place Tower, 1201, Wilson Boulevard, Rosslyn, Arlington, Arlington County, Virginia, 22209, United States","Corrected article street Washington Boulevard to official Wilson Boulevard."
"Fredericksburg","Featured","Cheeky’s","622 Kenmore Ave., Fredericksburg, VA","38.2981152","-77.4621732","https://cheekysfxbg.com/","540-377-4024","American","happy_hour","16:00-18:00","16:00-18:00","16:00-18:00","16:00-18:00","16:00-18:00","16:00-18:00","16:00-18:00","A Fredericksburg bar serving shareable plates and cocktails, with a daily afternoon happy hour.","https://cheekysfxbg.com/menu-cheekys/","https://northernvirginiamag.com/food-and-drink/2026/07/31/great-happy-hours-spots-in-northern-virginia/","https://cheekysfxbg.com/menu-cheekys/","https://cheekysfxbg.com/menu-cheekys/","2026-10-07","Daily, 4–6 p.m.","These are happy-hour offer times, not restaurant opening hours.","Original factual summary","https://cheekysfxbg.com/","https://nominatim.openstreetmap.org/search?q=622+Kenmore+Ave.%2C+Fredericksburg%2C+VA&format=jsonv2&addressdetails=1&limit=3&countrycodes=us","Casey’s, 622, Kenmore Avenue, Maury, Downtown, Battlefield Industrial Park, Fredericksburg, Virginia, 22401, United States",""
"Fredericksburg","Featured","Locavore & Folklore","314 William St., Fredericksburg, VA","38.3029538","-77.4611507","https://www.locavoreva.com/","540-681-1800","American","happy_hour","16:00-18:30","16:00-18:30","16:00-18:30","16:00-18:30","15:00-18:30","15:00-18:30","15:00-18:30","A Fredericksburg restaurant and rooftop bar offering food and cocktails.","https://www.locavoreva.com/location/locavore/","https://northernvirginiamag.com/food-and-drink/2026/07/31/great-happy-hours-spots-in-northern-virginia/","https://www.locavoreva.com/","https://northernvirginiamag.com/food-and-drink/2026/07/31/great-happy-hours-spots-in-northern-virginia/","2026-10-07","Monday through Thursday, 4–6:30 p.m., Friday through Sunday, 3–6:30 p.m.","These are happy-hour offer times, not restaurant opening hours.","Original factual summary","https://www.locavoreva.com/","https://nominatim.openstreetmap.org/search?q=314+William+St.%2C+Fredericksburg%2C+VA&format=jsonv2&addressdetails=1&limit=3&countrycodes=us","314, William Street, Maury, Downtown, Battlefield Industrial Park, Fredericksburg, Virginia, 22401, United States",""
"Fredericksburg","Featured","Rebellion Bourbon Bar & Kitchen","309 William St., Fredericksburg, VA","38.3033397","-77.4611881","https://eatatrebellion.com/","540-681-1969","American","happy_hour","15:00-18:00","15:00-18:00","15:00-18:00","15:00-18:00","15:00-18:00","15:00-18:00","15:00-18:00","A Fredericksburg bourbon bar and kitchen offering wings and bar food.","https://eatatrebellion.com/wp-content/uploads/2023/10/Rebellion-FXBG-HappyHour-102023.pdf","https://northernvirginiamag.com/food-and-drink/2026/07/31/great-happy-hours-spots-in-northern-virginia/","https://eatatrebellion.com/fredericksburg/","https://northernvirginiamag.com/food-and-drink/2026/07/31/great-happy-hours-spots-in-northern-virginia/","2026-10-07","Daily, 3–6 p.m.","These are happy-hour offer times, not restaurant opening hours.","Original factual summary","https://eatatrebellion.com/","https://nominatim.openstreetmap.org/search?q=309+William+St.%2C+Fredericksburg%2C+VA&format=jsonv2&addressdetails=1&limit=3&countrycodes=us","Rebellion Bourbon Bar & Kitchen, 309, William Street, Maury, Downtown, Battlefield Industrial Park, Fredericksburg, Virginia, 22401, United States",""
"Fredericksburg","Featured","Sedona Taphouse","591 William St., Fredericksburg, VA","38.3022758","-77.4638830","https://sedonataphouse.com/locations/fredericksburg-va/","540-940-2294","American","happy_hour","15:30-18:30","15:30-18:30","15:30-18:30","15:30-18:30","15:30-18:30","Not offered","Not offered","A Fredericksburg restaurant serving American food, beer, and cocktails.","https://sedonataphouse.com/wp-content/uploads/2019/01/HappyHourMenu_Fburg_05.06.26.pdf","https://northernvirginiamag.com/food-and-drink/2026/07/31/great-happy-hours-spots-in-northern-virginia/","https://sedonataphouse.com/locations/fredericksburg-va/","https://sedonataphouse.com/locations/fredericksburg-va/","2026-10-07","Monday through Friday, 3:30–6:30 p.m.","These are happy-hour offer times, not restaurant opening hours.","Original factual summary","https://sedonataphouse.com/","https://nominatim.openstreetmap.org/search?q=591+William+St.%2C+Fredericksburg%2C+VA&format=jsonv2&addressdetails=1&limit=3&countrycodes=us","Sedona Taphouse, 591, William Street, Maury, Downtown, Battlefield Industrial Park, Fredericksburg, Virginia, 22401, United States",""
"Reston and Herndon","Featured","Taco Bamba","2425 Centreville Rd., Herndon, VA","38.9504085","-77.4080104","https://www.tacobamba.com/location/herndon/","571-430-3399","Mexican","happy_hour","16:00-19:00","16:00-19:00","16:00-19:00","16:00-19:00","16:00-19:00","Not offered","Not offered","A Herndon taqueria with weekday dine-in happy-hour offers.","https://www.tacobamba.com/menu/happy-hour/","https://northernvirginiamag.com/food-and-drink/2026/07/31/great-happy-hours-spots-in-northern-virginia/","Existing dc-eats data/northernvamag_best_of_nova_2026.csv","https://www.tacobamba.com/menu/happy-hour/","2026-10-07","Monday through Friday, 4–7 p.m.","These are happy-hour offer times, not restaurant opening hours.","Original factual summary","https://www.tacobamba.com/location/herndon/","Existing dc-eats data/northernvamag_best_of_nova_2026.csv","2425 Centreville Rd, Herndon, VA 20171",""
"Reston and Herndon","Featured","PassionFish","11960 Democracy Dr., Reston, VA","38.9580370","-77.3599772","https://www.passionfishreston.com/","703-230-3474","Seafood","happy_hour","14:30-18:30","14:30-18:30","14:30-18:30","14:30-18:30","14:30-18:30","16:00-18:30","14:30-18:30","A Reston seafood restaurant with happy hour at its bar and patio.","https://www.passionfishreston.com/","https://northernvirginiamag.com/food-and-drink/2026/07/31/great-happy-hours-spots-in-northern-virginia/","https://www.passionfishreston.com/menus/","https://www.passionfishreston.com/location/passion-fish/","2026-10-07","Sunday through Friday, 2:30–6:30 p.m. and Saturday, 4–6:30 p.m.","These are happy-hour offer times, not restaurant opening hours.","Original factual summary","https://www.passionfishreston.com/","https://nominatim.openstreetmap.org/search?q=11960+Democracy+Dr.%2C+Reston%2C+VA&format=jsonv2&addressdetails=1&limit=3&countrycodes=us","PassionFish, 11960, Democracy Drive, Reston Town Center, Reston, Fairfax County, Virginia, 20190, United States",""
"Reston and Herndon","Featured","Jimmy’s Old Town Tavern","697 Spring St., Herndon, VA","38.9694600","-77.3862720","https://www.jottnew.com/","703-435-5467","American","happy_hour","16:00-20:00","16:00-20:00","16:00-20:00","16:00-20:00","16:00-20:00","Not offered","Not offered","A Herndon tavern with American pub food and an outdoor beer garden.","https://www.jottnew.com/","https://northernvirginiamag.com/food-and-drink/2026/07/31/great-happy-hours-spots-in-northern-virginia/","Existing dc-eats data/northernvamag_best_of_nova_2026.csv","https://northernvirginiamag.com/food-and-drink/2026/07/31/great-happy-hours-spots-in-northern-virginia/","2026-10-07","Monday through Friday, 4–8 p.m.","These are happy-hour offer times, not restaurant opening hours.","Original factual summary","https://www.jottnew.com/","Existing dc-eats data/northernvamag_best_of_nova_2026.csv","697 Spring Street, Herndon, VA 20170",""
"Reston and Herndon","Featured","Open Road","1871 Fountain Drive Suite 200, Reston, VA 20190","38.9596322","-77.3567067","https://www.openroadgrill.com/","703-481-2070","American","happy_hour","15:00-18:00","15:00-18:00","15:00-18:00","15:00-18:00","15:00-18:00","Not offered","Not offered","A Reston restaurant and bar with small plates, cocktails, and hourly happy-hour drink pricing.","https://www.openroadgrill.com/location/reston/","https://northernvirginiamag.com/food-and-drink/2026/07/31/great-happy-hours-spots-in-northern-virginia/","https://www.openroadgrill.com/location/reston/","https://northernvirginiamag.com/food-and-drink/2026/07/31/great-happy-hours-spots-in-northern-virginia/","2026-10-07","Open Road, Monday through Friday, 3–6 p.m.; Heirloom, Monday through Friday, 4–6 p.m.","These are happy-hour offer times, not restaurant opening hours.","Original factual summary","https://www.openroadgrill.com/","https://nominatim.openstreetmap.org/search?q=1871+Fountain+Dr.%2C+Reston%2C+VA&format=jsonv2&addressdetails=1&limit=3&countrycodes=us","Open Road Distilling Co., 1871, Fountain Drive, Reston Town Center, Reston, Fairfax County, Virginia, 20190, United States",""
"Reston and Herndon","Featured","Heirloom","1871 Fountain Drive Suite 300, Reston, VA 20190","38.9596322","-77.3567067","https://heirloomreston.com/","703-481-2959","American","happy_hour","16:00-18:00","16:00-18:00","16:00-18:00","16:00-18:00","16:00-18:00","Not offered","Not offered","A Reston cocktail-focused restaurant with American dining and weekday happy hour.","https://heirloomreston.com/hh/","https://northernvirginiamag.com/food-and-drink/2026/07/31/great-happy-hours-spots-in-northern-virginia/","https://heirloomreston.com/contact-us/","https://northernvirginiamag.com/food-and-drink/2026/07/31/great-happy-hours-spots-in-northern-virginia/","2026-10-07","Open Road, Monday through Friday, 3–6 p.m.; Heirloom, Monday through Friday, 4–6 p.m.","These are happy-hour offer times, not restaurant opening hours.","Original factual summary","https://heirloomreston.com/","https://nominatim.openstreetmap.org/search?q=1871+Fountain+Dr.%2C+Reston%2C+VA&format=jsonv2&addressdetails=1&limit=3&countrycodes=us","Open Road Distilling Co., 1871, Fountain Drive, Reston Town Center, Reston, Fairfax County, Virginia, 20190, United States",""
"Reston and Herndon","Featured","Morton’s The Steakhouse","11956 Market St., Reston, VA","38.9588472","-77.3592880","https://www.mortons.com/","703-796-0128","Steakhouse","happy_hour","16:00-18:30","16:00-18:30","16:00-18:30","16:00-18:30","16:00-18:30","Not offered","16:00-18:30","A Reston steakhouse offering a Power Hour menu at its bar.","https://www.mortons.com/location/mortons-the-steakhouse-reston-va/","https://northernvirginiamag.com/food-and-drink/2026/07/31/great-happy-hours-spots-in-northern-virginia/","https://www.mortons.com/location/mortons-the-steakhouse-reston-va/","https://www.mortons.com/location/mortons-the-steakhouse-reston-va/","2026-10-07","Sunday through Friday, 4–6:30 p.m.","These are happy-hour offer times, not restaurant opening hours.","Original factual summary","https://www.mortons.com/","https://nominatim.openstreetmap.org/search?q=11956+Market+St.%2C+Reston%2C+VA&format=jsonv2&addressdetails=1&limit=3&countrycodes=us","Morton's The Steakhouse, 11956, Market Street, Reston Town Center, Reston, Fairfax County, Virginia, 20190, United States",""
"Reston and Herndon","Featured","Stone’s Cove Kitbar","2403 Centreville Rd., Herndon, VA","38.9515357","-77.4092606","https://www.stonescove.com/","571-443-8206","American","happy_hour","15:00-18:00","15:00-18:00","15:00-18:00","15:00-18:00","15:00-18:00","15:00-18:00","15:00-18:00","A Herndon restaurant with an open central kitchen and American comfort food.","https://www.stonescove.com/","https://northernvirginiamag.com/food-and-drink/2026/07/31/great-happy-hours-spots-in-northern-virginia/","https://stonescove.com/","https://northernvirginiamag.com/food-and-drink/2026/07/31/great-happy-hours-spots-in-northern-virginia/","2026-10-07","Daily, 3–6 p.m.","These are happy-hour offer times, not restaurant opening hours.","Original factual summary","https://www.stonescove.com/","https://nominatim.openstreetmap.org/search?q=2403+Centreville+Rd.%2C+Herndon%2C+VA&format=jsonv2&addressdetails=1&limit=3&countrycodes=us","Stone's Cove Kitbar, 2403, Centreville Road, Herndon, Fairfax County, Virginia, 20171, United States",""
"Manassas and Warrenton","Featured","The Black Sheep","9935 Discovery Blvd., Manassas, VA","38.7424823","-77.5215735","https://theblacksheeprestaurant.com/","703-420-2028","American","happy_hour","16:00-19:00","16:00-19:00","16:00-19:00","16:00-19:00","16:00-19:00","Not offered","Not offered","A restaurant in a historic Manassas barn, serving American food and whiskey.","https://theblacksheeprestaurant.com/menu/happy-hour","https://northernvirginiamag.com/food-and-drink/2026/07/31/great-happy-hours-spots-in-northern-virginia/","https://theblacksheeprestaurant.com/menu/happy-hour","https://northernvirginiamag.com/food-and-drink/2026/07/31/great-happy-hours-spots-in-northern-virginia/","2026-10-07","Monday through Friday, 4–7 p.m.","These are happy-hour offer times, not restaurant opening hours.","Original factual summary","https://theblacksheeprestaurant.com/","https://nominatim.openstreetmap.org/search?q=9935+Discovery+Blvd.%2C+Manassas%2C+VA&format=jsonv2&addressdetails=1&limit=3&countrycodes=us","The Black Sheep Restaurant, 9935, Discovery Boulevard, Farm Brew LIVE Campus, Manassas, Prince William County, Virginia, 20109, United States",""
"Manassas and Warrenton","Featured","Cast Iron Craft House","11 S. Second St., Warrenton, VA","","","https://castironcrafthouse.com/","540-216-3777","American","happy_hour","15:00-18:00","15:00-18:00","15:00-18:00","15:00-18:00","15:00-18:00","Not offered","Not offered","A Warrenton craft restaurant serving seasonal food in a historic house.","https://castironcrafthouse.com/menus","https://northernvirginiamag.com/food-and-drink/2026/07/31/great-happy-hours-spots-in-northern-virginia/","https://castironcrafthouse.com/menus","https://northernvirginiamag.com/food-and-drink/2026/07/31/great-happy-hours-spots-in-northern-virginia/","2026-10-07","Monday through Friday, 4–6 p.m.","These are happy-hour offer times, not restaurant opening hours.","Original factual summary","https://castironcrafthouse.com/","","","No exact street-address geocoding match; coordinates left blank."
"Manassas and Warrenton","Featured","Claire’s at the Depot","65 S. Third St., Warrenton, VA","","","https://www.clairesatthedepot.com/","540-351-1616","American","happy_hour","Not offered","17:00-19:00","17:00-19:00","17:00-19:00","17:00-19:00","Not offered","Not offered","A Warrenton restaurant in a former train depot, with American food and weekday happy hour.","https://www.clairesatthedepot.com/","https://northernvirginiamag.com/food-and-drink/2026/07/31/great-happy-hours-spots-in-northern-virginia/","https://www.clairesatthedepot.com/","https://www.clairesatthedepot.com/","2026-10-07","Tuesday through Thursday 5–7 p.m.","Current official site extends happy hour to Friday; article lists Tuesday-Thursday. Current website used.","Original factual summary","https://www.clairesatthedepot.com/","","","No exact street-address geocoding match; coordinates left blank."
"Manassas and Warrenton","Featured","Monza","9405 Battle St., Manassas, VA","38.7512598","-77.4724087","https://www.eatmonza.com/","703-368-5522","Italian","happy_hour","15:00-19:00","15:00-19:00","15:00-19:00","11:30-23:00","15:00-19:00","Not offered","Not offered","A Manassas bistro serving pizza, pasta, sandwiches, and cocktails.","https://www.eatmonza.com/","https://northernvirginiamag.com/food-and-drink/2026/07/31/great-happy-hours-spots-in-northern-virginia/","https://www.eatmonza.com/","https://northernvirginiamag.com/food-and-drink/2026/07/31/great-happy-hours-spots-in-northern-virginia/","2026-10-07","Monday, Tuesday, Wednesday, and Friday, 3–7 p.m.; Thursday, 11:30 a.m.–11 p.m.","These are happy-hour offer times, not restaurant opening hours.","Original factual summary","https://www.eatmonza.com/","https://nominatim.openstreetmap.org/search?q=9405+Battle+St.%2C+Manassas%2C+VA&format=jsonv2&addressdetails=1&limit=3&countrycodes=us","Monza, 9405, Battle Street, Manassas, Virginia, 20110, United States",""
"Manassas and Warrenton","Featured","Denim & Pearls","29 Main St., Warrenton, VA","38.7135854","-77.7947085","https://denimandpearlsrestaurant.com/","540-349-9339","American","happy_hour","15:00-18:00","15:00-18:00","15:00-18:00","15:00-18:00","15:00-18:00","Not offered","Not offered","A Warrenton restaurant with bar food, wine, and weekday happy-hour specials.","https://denimandpearlsrestaurant.com/bar-menu","https://northernvirginiamag.com/food-and-drink/2026/07/31/great-happy-hours-spots-in-northern-virginia/","https://denimandpearlsrestaurant.com/contact-us","https://denimandpearlsrestaurant.com/bar-menu","2026-10-07","Monday through Friday, 3–6 p.m.","These are happy-hour offer times, not restaurant opening hours.","Original factual summary","https://denimandpearlsrestaurant.com/","https://nominatim.openstreetmap.org/search?q=29+Main+St.%2C+Warrenton%2C+VA&format=jsonv2&addressdetails=1&limit=3&countrycodes=us","29, Main Street, Warrenton, Fauquier County, Virginia, 20186, United States",""
"Woodbridge","Featured","Aroma Latin Fusion","15200 Potomac Town Place Suite 120, Woodbridge, VA 22191","38.6273479","-77.2881282","https://aroma-holdings.com/","571-285-2086","Latin American","happy_hour","15:00-18:00","15:00-18:00","15:00-18:00","15:00-18:00","15:00-18:00","Not offered","Not offered","Latin-inspired dining in Woodbridge, with small plates and cocktails.","https://aroma-holdings.com/aroma-latin-fusion/","https://northernvirginiamag.com/food-and-drink/2026/07/31/great-happy-hours-spots-in-northern-virginia/","https://aroma-holdings.com/aroma-latin-fusion/","https://northernvirginiamag.com/food-and-drink/2026/07/31/great-happy-hours-spots-in-northern-virginia/","2026-10-07","Monday through Friday, 3–6 p.m.","These are happy-hour offer times, not restaurant opening hours.","Original factual summary","https://aroma-holdings.com/","https://nominatim.openstreetmap.org/search?q=15200+Potomac+Town+Place%2C+Woodbridge%2C+VA&format=jsonv2&addressdetails=1&limit=3&countrycodes=us","Alamo Drafthouse Cinema, 15200, Potomac Town Place, Stonebridge at Potomac Town Center, Potomac Town Center, Woodbridge, Prince William County, Virginia, 22191, United States","Corrected article address 1500 to official 15200 Potomac Town Place. Coordinates identify the shared street-address building, not a specific suite."
"Woodbridge","Featured","The Spot at Belmont Bay Restaurant and Bar","551 Harbor Side St., Woodbridge, VA","38.6542500","-77.2336809","https://thespotatbelmontbay.com/","","American","happy_hour","16:00-19:00","16:00-19:00","16:00-19:00","16:00-19:00","16:00-19:00","Not offered","Not offered","A waterfront Woodbridge restaurant and bar overlooking Belmont Bay.","https://thespotatbelmontbay.com/","https://northernvirginiamag.com/food-and-drink/2026/07/31/great-happy-hours-spots-in-northern-virginia/","","https://northernvirginiamag.com/food-and-drink/2026/07/31/great-happy-hours-spots-in-northern-virginia/","2026-10-07","Monday through Friday, 4–7 p.m.","These are happy-hour offer times, not restaurant opening hours.","Original factual summary","https://thespotatbelmontbay.com/","https://nominatim.openstreetmap.org/search?q=551+Harbor+Side+St.%2C+Woodbridge%2C+VA&format=jsonv2&addressdetails=1&limit=3&countrycodes=us","551, Harbor Side Street, Belmont Bay, Woodbridge, Prince William County, Virginia, 22191, United States","Phone not verified from available sources."
"Woodbridge","Featured","Bourbon & Fig","2243 Old Bridge Rd., Ste. A, Woodbridge, VA","38.6784457","-77.2807830","https://bourbonfig.com/","703-910-6641","American, Mediterranean","happy_hour","Not offered","Not offered","16:00-18:00","16:00-18:00","16:00-18:00","Not offered","Not offered","A Woodbridge restaurant serving modern American food with Mediterranean influences.","https://bourbonfig.com/","https://northernvirginiamag.com/food-and-drink/2026/07/31/great-happy-hours-spots-in-northern-virginia/","https://bourbonfig.com/","https://northernvirginiamag.com/food-and-drink/2026/07/31/great-happy-hours-spots-in-northern-virginia/","2026-10-07","Wednesday through Friday, 4–6 p.m.","These are happy-hour offer times, not restaurant opening hours.","Original factual summary","https://bourbonfig.com/","https://nominatim.openstreetmap.org/search?q=2243+Old+Bridge+Rd.%2C+Woodbridge%2C+VA&format=jsonv2&addressdetails=1&limit=3&countrycodes=us","2243, Old Bridge Road, The Heights, Tacketts Mill, Woodbridge, Prince William County, Virginia, 22192, United States",""
"Woodbridge","Featured","Cooper’s Hawk","14901 Potomac Town Pl., Woodbridge, VA","38.6302954","-77.2882533","https://chwinery.com/locations/woodbridge-va","571-257-3339","American","happy_hour","15:00-17:30","15:00-17:30","15:00-17:30","15:00-17:30","15:00-17:30","Not offered","Not offered","A Woodbridge winery restaurant offering a weekday Wine O’Clock menu.","https://chwinery.com/","https://northernvirginiamag.com/food-and-drink/2026/07/31/great-happy-hours-spots-in-northern-virginia/","https://www.yellowpages.com/woodbridge-va/mip/coopers-hawk-winery-restaurant-581993070","https://northernvirginiamag.com/food-and-drink/2026/07/31/great-happy-hours-spots-in-northern-virginia/","2026-10-07","Monday through Friday, 3–5:30 p.m.","These are happy-hour offer times, not restaurant opening hours.","Original factual summary","https://chwinery.com/locations/woodbridge-va","https://nominatim.openstreetmap.org/search?q=14901+Potomac+Town+Pl.%2C+Woodbridge%2C+VA&format=jsonv2&addressdetails=1&limit=3&countrycodes=us","Visual Health, 14901, Potomac Town Place, Stonebridge at Potomac Town Center, Potomac Town Center, Woodbridge, Prince William County, Virginia, 22191, United States","Phone from a source-linked business directory."
"Woodbridge","Featured","Dok Khao Thai Eatery","15200 Potomac Town Place, Unit 110, Woodbridge, VA","38.6273479","-77.2881282","https://dokkhao.com/","571-285-2459","Thai","happy_hour","15:00-18:00","15:00-18:00","15:00-18:00","15:00-18:00","15:00-18:00","15:00-18:00","15:00-18:00","A Woodbridge Thai restaurant serving noodles, seafood, and cocktails.","https://dokkhao.com/dok-khao-woodbridge-menu/","https://northernvirginiamag.com/food-and-drink/2026/07/31/great-happy-hours-spots-in-northern-virginia/","https://dokkhao.com/dok-khao-woodbridge-home/","https://northernvirginiamag.com/food-and-drink/2026/07/31/great-happy-hours-spots-in-northern-virginia/","2026-10-07","Daily, 3–6 p.m., excluding holidays.","Excludes holidays. Official address is 15200 Potomac Town Place; article omits the leading 1.","Original factual summary","https://dokkhao.com/","https://nominatim.openstreetmap.org/search?q=15200+Potomac+Town+Place%2C+Woodbridge%2C+VA&format=jsonv2&addressdetails=1&limit=3&countrycodes=us","Alamo Drafthouse Cinema, 15200, Potomac Town Place, Stonebridge at Potomac Town Center, Potomac Town Center, Woodbridge, Prince William County, Virginia, 22191, United States","Corrected article address 5200 to official 15200 Potomac Town Place. Coordinates identify the street-address building; tenant/suite names in geocoder data may differ."
"Woodbridge","Featured","Buffalo Wild Wings","14466 Potomac Mills Rd., Woodbridge, VA","","","https://www.buffalowildwings.com/","703-492-9464","American","happy_hour","15:00-18:00","15:00-18:00","15:00-18:00","15:00-18:00","15:00-18:00","Not offered","Not offered","A Woodbridge sports bar serving wings, beer, and cocktails.","https://www.buffalowildwings.com/","https://northernvirginiamag.com/food-and-drink/2026/07/31/great-happy-hours-spots-in-northern-virginia/","https://www.restaurantji.com/va/woodbridge/buffalo-wild-wings-/","https://northernvirginiamag.com/food-and-drink/2026/07/31/great-happy-hours-spots-in-northern-virginia/","2026-10-07","Monday through Friday, 3–6 p.m.","These are happy-hour offer times, not restaurant opening hours.","Original factual summary","https://www.buffalowildwings.com/","","","No exact street-address geocoding match; coordinates left blank. Phone from a source-linked business directory."
"Gainesville and Haymarket","Featured","Rockwood","7505 Iron Bar Ln., Gainesville, VA","38.7954200","-77.6101119","https://www.rockwoodva.com/","703-743-9080","American","happy_hour","16:00-19:00","16:00-19:00","16:00-19:00","16:00-19:00","16:00-19:00","Not offered","Not offered","A Gainesville American restaurant and sports bar with live music.","https://www.rockwoodva.com/","https://northernvirginiamag.com/food-and-drink/2026/07/31/great-happy-hours-spots-in-northern-virginia/","https://www.rockwoodva.com/","https://www.rockwoodva.com/","2026-10-07","Monday through Friday, 4–7 p.m.","These are happy-hour offer times, not restaurant opening hours.","Original factual summary","https://www.rockwoodva.com/","https://nominatim.openstreetmap.org/search?q=7505+Iron+Bar+Ln.%2C+Gainesville%2C+VA&format=jsonv2&addressdetails=1&limit=3&countrycodes=us","Rockwood, 7505, Iron Bar Lane, Virginia Gateway, Gainesville, Prince William County, Virginia, 20155, United States",""
"Gainesville and Haymarket","Featured","Red House Tavern","15001 Washington St., Haymarket, VA","38.8119860","-77.6367225","https://www.redhousehaymarket.com/","571-486-5570","American","happy_hour","15:00-18:00","15:00-18:00","15:00-18:00","15:00-18:00","15:00-18:00","Not offered","Not offered","A Haymarket restaurant and bar offering American dining and cocktails.","https://www.redhousehaymarket.com/bar-haymarket-va","https://northernvirginiamag.com/food-and-drink/2026/07/31/great-happy-hours-spots-in-northern-virginia/","https://www.redhousehaymarket.com/bar-haymarket-va","https://northernvirginiamag.com/food-and-drink/2026/07/31/great-happy-hours-spots-in-northern-virginia/","2026-10-07","Monday through Friday, 4–6 p.m.","These are happy-hour offer times, not restaurant opening hours.","Original factual summary","https://www.redhousehaymarket.com/","https://nominatim.openstreetmap.org/search?q=15001+Washington+St.%2C+Haymarket%2C+VA&format=jsonv2&addressdetails=1&limit=3&countrycodes=us","Hilton Garden Inn Haymarket, 15001, Washington Street, Haymarket, Prince William County, Virginia, 20169, United States",""
"Gainesville and Haymarket","Featured","Monroe Bay Oysterette","15111 Washington St., Ste. 113, Haymarket, VA","38.8127356","-77.6386359","https://monroebayoysterette.com/","571-248-0861","Seafood","happy_hour","Not offered","14:00-17:00","14:00-17:00","14:00-17:00","14:00-17:00","Not offered","Not offered","A Haymarket seafood restaurant offering Virginia oysters and weekday happy hour.","https://monroebayoysterette.com/","https://northernvirginiamag.com/food-and-drink/2026/07/31/great-happy-hours-spots-in-northern-virginia/","https://monroebayoysterette.com/","https://monroebayoysterette.com/","2026-10-07","Tuesday through Friday, 2–5 p.m.","These are happy-hour offer times, not restaurant opening hours.","Original factual summary","https://monroebayoysterette.com/","https://nominatim.openstreetmap.org/search?q=15111+Washington+St.%2C+Haymarket%2C+VA&format=jsonv2&addressdetails=1&limit=3&countrycodes=us","15111, Washington Street, Haymarket, Prince William County, Virginia, 20169, United States",""
"Gainesville and Haymarket","Featured","BJ’s Restaurant and Brewhouse","13930 Promenade Commons St., Gainesville, VA","38.7894309","-77.6076186","https://www.bjsrestaurants.com/locations/va/virginia-gateway","571-222-6950","American","happy_hour","15:00-19:00","15:00-19:00","15:00-19:00","15:00-19:00","15:00-19:00","Not offered","Not offered","A Gainesville restaurant and brewhouse serving pizza and American pub food.","https://www.bjsrestaurants.com/locations/va/virginia-gateway","https://northernvirginiamag.com/food-and-drink/2026/07/31/great-happy-hours-spots-in-northern-virginia/","https://thor.inemi.org/webdownload/5G-6G-MAESTRO/2023/MAESTRO-ZESTRON_WORKSHOP/2023_ZESTRON_Welcome-VA.pdf","https://northernvirginiamag.com/food-and-drink/2026/07/31/great-happy-hours-spots-in-northern-virginia/","2026-10-07","Monday through Friday, 3–7 p.m.","These are happy-hour offer times, not restaurant opening hours.","Original factual summary","https://www.bjsrestaurants.com/locations/va/virginia-gateway","https://nominatim.openstreetmap.org/search?q=13930+Promenade+Commons+St.%2C+Gainesville%2C+VA&format=jsonv2&addressdetails=1&limit=3&countrycodes=us","BJ's, 13930, Promenade Commons Street, Promenade Virginia Gateway, Gainesville, Prince William County, Virginia, 20155, United States","Phone from a source-linked local venue directory; reconfirm before use."
"Gainesville and Haymarket","Featured","Grain & Grog","7960 Crescent Park Dr., Gainesville, VA","","","https://grainandgrog.com/","571-393-2300","American","happy_hour","15:00-18:00","15:00-18:00","15:00-18:00","15:00-18:00","15:00-18:00","Not offered","Not offered","A Gainesville American tavern with food, drinks, and live music.","https://grainandgrog.com/","https://northernvirginiamag.com/food-and-drink/2026/07/31/great-happy-hours-spots-in-northern-virginia/","https://grainandgrog.com/event/bruno-campos/","https://northernvirginiamag.com/food-and-drink/2026/07/31/great-happy-hours-spots-in-northern-virginia/","2026-10-07","Monday through Friday, 3–6 p.m.","These are happy-hour offer times, not restaurant opening hours.","Original factual summary","https://grainandgrog.com/","","","No exact street-address geocoding match; coordinates left blank."
"Ashburn and Leesburg","Featured","King Street Oyster Bar","12 S. King St., Leesburg, VA","39.11502","-77.56463","https://kingstreetoysterbar.com/","571-442-8068","Seafood","happy_hour","15:00-18:30","15:00-18:30","15:00-18:30","15:00-18:30","15:00-18:30","15:00-18:30","15:00-18:30","A Leesburg seafood restaurant and oyster bar with daily happy hour.","https://www.kingstreetoysterbar.com/leesburg-va/menus/happy-hour/","https://northernvirginiamag.com/food-and-drink/2026/07/31/great-happy-hours-spots-in-northern-virginia/","https://kingstreetoysterbar.com/contact/","https://kingstreetoysterbar.com/leesburg-va/","2026-10-07","Daily, 3–6:30 p.m.","These are happy-hour offer times, not restaurant opening hours.","Original factual summary","https://www.kingstreetoysterbar.com/","Existing dc-eats data/best_of_loudoun.csv","12 S King St, Leesburg, VA 20175",""
"Ashburn and Leesburg","Featured","Parallel Wine & Whiskey Bar","43145 Broadlands Center Plz., Ashburn, VA","","","https://parallelwinebistro.com/","703-858-0077","American","happy_hour","15:00-18:00","15:00-18:00","15:00-18:00","15:00-18:00","15:00-18:00","15:00-18:00","15:00-18:00","An Ashburn wine and whiskey bar with a patio and consecutive Crazy Hour and Happy Hour offers.","https://parallelwinebistro.com/","https://northernvirginiamag.com/food-and-drink/2026/07/31/great-happy-hours-spots-in-northern-virginia/","https://parallelwinebistro.com/","https://northernvirginiamag.com/food-and-drink/2026/07/31/great-happy-hours-spots-in-northern-virginia/","2026-10-07","Daily, Crazy Hour 3–4 p.m., Happy Hour 4–6 p.m.","Crazy Hour 15:00-16:00; regular Happy Hour 16:00-18:00. The time filter includes both promotional windows.","Original factual summary","https://parallelwinebistro.com/","","","No exact street-address geocoding match; coordinates left blank."
"Ashburn and Leesburg","Featured","Makers Union","42841 Creek View Plz., Ste. 145, Ashburn, VA","39.0423144","-77.5222820","https://www.makersunionpub.com/ashburn","571-291-3525","American","happy_hour","15:00-18:00","15:00-18:00","15:00-18:00","15:00-18:00","15:00-18:00","15:00-18:00","15:00-18:00","An Ashburn neighborhood pub with daily happy hour and an earlier Power Hour.","https://static1.squarespace.com/static/5f04c0ae37307a53d29475ff/t/6a01f97d25bbe911f7af08cf/1778514301267/MakersUnion-AshburnCore-Menus-041726-pages.pdf","https://northernvirginiamag.com/food-and-drink/2026/07/31/great-happy-hours-spots-in-northern-virginia/","https://www.makersunionpub.com/ashburn","https://www.makersunionpub.com/ashburn","2026-10-07","Daily, 4–7 p.m., Power Hour 4–5 p.m.","Current official Ashburn page lists Happy Hour 15:00-18:00 and Power Hour 15:00-16:00, superseding article 16:00-19:00. Thursday martini specials extend 16:00-22:00 separately.","Original factual summary","https://www.makersunionpub.com/ashburn","https://nominatim.openstreetmap.org/search?q=42841+Creek+View+Plz.%2C+Ashburn%2C+VA&format=jsonv2&addressdetails=1&limit=3&countrycodes=us","Social House, 42841, Creek View Plaza, Ashburn, Loudoun County, Virginia, 20147, United States","Coordinates identify the street-address building; tenant/suite names in geocoder data may differ."
"Ashburn and Leesburg","Featured","SideBar","24 S. King St., Leesburg, VA","39.1146342","-77.5648292","https://www.sidebarlbg.com/","571-510-3244","American","happy_hour","14:00-18:00","14:00-18:00","14:00-18:00","14:00-18:00","14:00-18:00","14:00-18:00","14:00-18:00","A Leesburg restaurant and cocktail bar with a backyard garden.","https://www.sidebarlbg.com/sips-2","https://northernvirginiamag.com/food-and-drink/2026/07/31/great-happy-hours-spots-in-northern-virginia/","https://www.sidebarlbg.com/sips-2","https://www.sidebarlbg.com/sips-2","2026-10-07","Daily, 2–6 p.m.","These are happy-hour offer times, not restaurant opening hours.","Original factual summary","https://www.sidebarlbg.com/","https://nominatim.openstreetmap.org/search?q=24+S.+King+St.%2C+Leesburg%2C+VA&format=jsonv2&addressdetails=1&limit=3&countrycodes=us","24, South King Street, Leesburg, Loudoun County, Virginia, 20175, United States",""
"Ashburn and Leesburg","Featured","Shutters on King","102 South King Street, Leesburg, VA","39.1140548","-77.5651044","https://www.shuttersonking.com/","703-936-4700","American","happy_hour","15:00-18:00","15:00-18:00","15:00-18:00","15:00-18:00","15:00-18:00","Not offered","Not offered","A Leesburg restaurant offering regional American dining and themed weekday promotions.","https://www.shuttersonking.com/menu","https://northernvirginiamag.com/food-and-drink/2026/07/31/great-happy-hours-spots-in-northern-virginia/","https://www.shuttersonking.com/menu","https://northernvirginiamag.com/food-and-drink/2026/07/31/great-happy-hours-spots-in-northern-virginia/","2026-10-07","Monday through Friday, 3–6 p.m.","These are happy-hour offer times, not restaurant opening hours.","Original factual summary","https://www.shuttersonking.com/","https://nominatim.openstreetmap.org/search?q=102+South+King+Street%2C+Leesburg%2C+VA&format=jsonv2&addressdetails=1&limit=3&countrycodes=us","102, South King Street, Leesburg, Loudoun County, Virginia, 20175, United States",""
"Falls Church and Fairfax","Featured","Clare & Don’s","130 N. Washington St., Falls Church, VA","38.8826814","-77.1701366","https://clareanddons.com/","703-532-9283","Seafood","happy_hour","15:00-18:00","15:00-18:00","15:00-18:00","15:00-18:00","15:00-18:00","Not offered","Not offered","A Falls Church beach-themed restaurant serving seafood, vegetarian dishes, and cocktails.","https://clareanddons.com/","https://northernvirginiamag.com/food-and-drink/2026/07/31/great-happy-hours-spots-in-northern-virginia/","https://order.clareanddons.com/order/clare-dons-beach-shack-130-n-washington-st","https://northernvirginiamag.com/food-and-drink/2026/07/31/great-happy-hours-spots-in-northern-virginia/","2026-10-07","Monday through Friday, 3–6 p.m.","These are happy-hour offer times, not restaurant opening hours.","Original factual summary","https://clareanddons.com/","https://nominatim.openstreetmap.org/search?q=130+N.+Washington+St.%2C+Falls+Church%2C+VA&format=jsonv2&addressdetails=1&limit=3&countrycodes=us","Clare and Don's Beach Shack, 130, North Washington Street, Falls Church, Virginia, 22046, United States",""
"Falls Church and Fairfax","Featured","Ellie Bird","125 Founders Ave., Falls Church, VA","38.8910680","-77.1834350","https://www.elliebirdva.com/","703-454-8894","American","happy_hour","Not offered","17:00-18:30","17:00-18:30","17:00-18:30","Not offered","Not offered","17:00-18:30","A Falls Church restaurant serving contemporary American food with Asian influences.","https://www.elliebirdva.com/menu","https://northernvirginiamag.com/food-and-drink/2026/07/31/great-happy-hours-spots-in-northern-virginia/","https://www.elliebirdva.com/menu","https://www.elliebirdva.com/menu","2026-10-07","Tuesday through Thursday and Sunday, 5–6:30 p.m.","These are happy-hour offer times, not restaurant opening hours.","Original factual summary","https://www.elliebirdva.com/","https://nominatim.openstreetmap.org/search?q=125+Founders+Ave.%2C+Falls+Church%2C+VA&format=jsonv2&addressdetails=1&limit=3&countrycodes=us","Ellie Bird, 125, Founders Avenue, Offutt Village, Falls Church, Virginia, 22046, United States",""
"Falls Church and Fairfax","Featured","Kelly’s Oyster House","4069 Chain Bridge Rd., Fairfax, VA","38.8442791","-77.3074014","https://kellysoysterhouse.com/","571-407-7172","Seafood","happy_hour","15:00-18:30","15:00-18:30","15:00-18:30","15:00-18:30","12:00-18:00","12:00-18:00","12:00-18:00","A Fairfax oyster house and sports bar with a patio.","https://kellysoysterhouse.com/happy-hour/","https://northernvirginiamag.com/food-and-drink/2026/07/31/great-happy-hours-spots-in-northern-virginia/","https://kellysoysterhouse.com/hours/","https://northernvirginiamag.com/food-and-drink/2026/07/31/great-happy-hours-spots-in-northern-virginia/","2026-10-07","Monday through Thursday, 3–6:30 p.m., Friday through Sunday, noon–6 p.m.","These are happy-hour offer times, not restaurant opening hours.","Original factual summary","https://kellysoysterhouse.com/","https://nominatim.openstreetmap.org/search?q=4069+Chain+Bridge+Rd.%2C+Fairfax%2C+VA&format=jsonv2&addressdetails=1&limit=3&countrycodes=us","Kelly's Oyster House and Bar, 4069, Chain Bridge Road, Fairfax, Fairfax County, Virginia, 22030, United States",""
"Falls Church and Fairfax","Featured","Urbano Mexican Restaurant","2985 District Ave., Fairfax, VA","38.8698085","-77.2304279","https://www.urbano116.com/","571-282-3358","Tex-Mex","happy_hour","15:00-19:00","15:00-19:00","15:00-19:00","11:00-22:00","15:00-19:00","Not offered","Not offered","A Mosaic District Tex-Mex restaurant offering tacos, fajitas, and margaritas.","https://www.urbano116.com/","https://northernvirginiamag.com/food-and-drink/2026/07/31/great-happy-hours-spots-in-northern-virginia/","https://www.urbano116.com/fairfax-mosaic","https://www.urbano116.com/weekly-specials","2026-10-07","Monday through Friday, 3–7 p.m., all day Thursday.","Thursday all-day offer bounded by official Mosaic opening hours 11:00-22:00.","Original factual summary","https://www.urbano116.com/","https://nominatim.openstreetmap.org/search?q=2985+District+Ave.%2C+Fairfax%2C+VA&format=jsonv2&addressdetails=1&limit=3&countrycodes=us","Avalon Mosaic, 2985, District Avenue, Mosaic District, Merrifield, Fairfax County, Virginia, 22031, United States","Coordinates identify the street-address building; tenant/suite names in geocoder data may differ."
"Falls Church and Fairfax","Featured","MacMillan Whisky Room","2920 District Ave., Ste. 155, Fairfax, VA","38.8713671","-77.2304256","https://www.themacmillanwhiskyroom.com/","571-338-3304","American","happy_hour","16:00-19:00","16:00-19:00","16:00-19:00","16:00-19:00","16:00-18:00","16:00-18:00","16:00-19:00","A Mosaic District whiskey bar with cocktails, small plates, and a large spirits selection.","https://www.themacmillanwhiskyroom.com/menus/","https://northernvirginiamag.com/food-and-drink/2026/07/31/great-happy-hours-spots-in-northern-virginia/","https://www.themacmillanwhiskyroom.com/location/macmillan-whisky-room/","https://northernvirginiamag.com/food-and-drink/2026/07/31/great-happy-hours-spots-in-northern-virginia/","2026-10-07","Sunday through Thursday, 4–7 p.m., Friday through Saturday, 4–6 p.m.","These are happy-hour offer times, not restaurant opening hours.","Original factual summary","https://www.themacmillanwhiskyroom.com/","https://nominatim.openstreetmap.org/search?q=2920+District+Ave.%2C+Fairfax%2C+VA&format=jsonv2&addressdetails=1&limit=3&countrycodes=us","Modera Mosaic, 2920, District Avenue, Mosaic District, Merrifield, Fairfax County, Virginia, 22031, United States","Coordinates identify the street-address building; tenant/suite names in geocoder data may differ."
"Falls Church and Fairfax","Featured","Mama Tigre","10443 White Granite Dr., Oakton, VA","38.8743893","-77.3060430","https://mamatigre.com/","703-261-6210","Indian, Mexican","happy_hour","15:00-18:30","15:00-18:30","15:00-18:30","15:00-18:30","15:00-18:30","Not offered","Not offered","An Oakton restaurant combining Indian and Mexican flavors, with happy hour in the bar area.","https://mamatigre.com/happy-hour-menu/","https://northernvirginiamag.com/food-and-drink/2026/07/31/great-happy-hours-spots-in-northern-virginia/","https://mamatigre.com/happy-hour-menu/","https://mamatigre.com/happy-hour-menu/","2026-10-07","Monday through Friday, 3–6:30 p.m.","These are happy-hour offer times, not restaurant opening hours.","Original factual summary","https://mamatigre.com/","Existing dc-eats data/northernvamag_best_of_nova_2026.csv","10443 White Granite Drive, Oakton, VA 22124",""
"Chantilly and Centreville","Featured","Sense of Thai","25031 Riding Plz., Ste. 150, Chantilly, VA","38.9258929","-77.5219016","https://senseofthai.com/","703-835-3499","Thai","happy_hour","15:00-18:00","15:00-18:00","15:00-18:00","15:00-18:00","15:00-18:00","15:00-18:00","15:00-18:00","A Chantilly Thai restaurant with cocktails and bar snacks.","https://senseofthai.com/sense-of-thai-chantilly-menu/","https://northernvirginiamag.com/food-and-drink/2026/07/31/great-happy-hours-spots-in-northern-virginia/","Existing dc-eats data/northernvamag_best_of_nova_2026.csv","https://northernvirginiamag.com/food-and-drink/2026/07/31/great-happy-hours-spots-in-northern-virginia/","2026-10-07","Daily, 3–6 p.m.","These are happy-hour offer times, not restaurant opening hours.","Original factual summary","https://senseofthai.com/","Existing dc-eats data/northernvamag_best_of_nova_2026.csv","25031 Riding Plaza Suite 150, Chantilly, VA 20152",""
"Chantilly and Centreville","Featured","Backyard Grill","13999 Metrotech Dr., Chantilly, VA","38.8960304","-77.4275448","https://www.backyardgrillrestaurant.com/","703-802-6400","American","happy_hour","15:00-19:00","15:00-19:00","15:00-19:00","15:00-19:00","15:00-19:00","15:00-19:00","15:00-19:00","A Chantilly grill and sports bar with separate drink and appetizer promotion windows.","https://www.backyardgrillrestaurant.com/menus/","https://northernvirginiamag.com/food-and-drink/2026/07/31/great-happy-hours-spots-in-northern-virginia/","https://www.backyardgrillrestaurant.com/menus/","https://northernvirginiamag.com/food-and-drink/2026/07/31/great-happy-hours-spots-in-northern-virginia/","2026-10-07","Daily, 3–7 p.m. (drinks), Monday through Friday, 4–7 p.m. (appetizers), weekly specials vary.","Drinks daily 15:00-19:00; appetizers Monday-Friday 16:00-19:00. The map uses the drinks window.","Original factual summary","https://www.backyardgrillrestaurant.com/","https://nominatim.openstreetmap.org/search?q=13999+Metrotech+Dr.%2C+Chantilly%2C+VA&format=jsonv2&addressdetails=1&limit=3&countrycodes=us","13999, Metrotech Drive, Sully Place Shopping Center, Chantilly, Fairfax County, Virginia, 20151, United States",""
"Chantilly and Centreville","Featured","Bourbon Boulevard Steakhouse","4301 Chantilly Shopping Center Dr., Chantilly, VA","","","https://www.bbcbar.com/","571-399-5550","Steakhouse","happy_hour","15:00-19:00","15:00-19:00","15:00-19:00","15:00-19:00","15:00-19:00","15:00-19:00","15:00-19:00","A Chantilly steakhouse offering whiskey, seafood, and live music.","https://ohbz.com/design/bourbon-boulevard-happy-hour-chantilly-virginia","https://northernvirginiamag.com/food-and-drink/2026/07/31/great-happy-hours-spots-in-northern-virginia/","https://www.bbcbar.com/","https://northernvirginiamag.com/food-and-drink/2026/07/31/great-happy-hours-spots-in-northern-virginia/","2026-10-07","Daily, 3–7 p.m.","These are happy-hour offer times, not restaurant opening hours.","Original factual summary","https://www.bbcbar.com/","","","No exact street-address geocoding match; coordinates left blank."
"Chantilly and Centreville","Featured","Red Rocks Cafe & Tequila Bar","13850-F Braddock Rd., Centreville, VA","38.8360184","-77.4257646","https://www.redrockscafetequilabar.com/","703-815-6900","Mexican","happy_hour","14:00-22:00","14:00-22:00","14:00-22:00","14:00-22:00","14:00-22:00","14:00-22:00","14:00-22:00","A Centreville cafe and tequila bar with overlapping food and drink promotion windows.","https://www.redrockscafetequilabar.com/happy-hour","https://northernvirginiamag.com/food-and-drink/2026/07/31/great-happy-hours-spots-in-northern-virginia/","https://www.redrockscafetequilabar.com/","https://northernvirginiamag.com/food-and-drink/2026/07/31/great-happy-hours-spots-in-northern-virginia/","2026-10-07","Daily, times vary.","Overlapping item-specific offers: beers from opening to 21:00; margaritas 14:00-19:00; food 14:00-22:00. The map uses the fixed 14:00-22:00 food window; earlier beer offers are not included.","Original factual summary","https://www.redrockscafetequilabar.com/","https://nominatim.openstreetmap.org/search?q=13850+Braddock+Rd.%2C+Centreville%2C+VA&format=jsonv2&addressdetails=1&limit=3&countrycodes=us","Glory Days Grill, 13850, Braddock Road, Centreville, Fairfax County, Virginia, 20121, United States","Coordinates identify the street-address building; tenant/suite names in geocoder data may differ."
"Chantilly and Centreville","Featured","Lazy Dog","14333 Newbrook Dr., Chantilly, VA","38.8772611","-77.4410328","https://www.lazydogrestaurants.com/locations/chantilly-va","571-616-9093","American","happy_hour","15:00-18:00; 21:00-00:00 (+1 day)","15:00-18:00; 21:00-00:00 (+1 day)","15:00-18:00; 21:00-00:00 (+1 day)","15:00-18:00; 21:00-00:00 (+1 day)","15:00-18:00","Not offered","21:00-00:00 (+1 day)","A Chantilly restaurant with afternoon and late-night food offers; drink specials end earlier.","https://orders.lazydogrestaurants.com/menu/category/105326/happy-hour-late-night","https://northernvirginiamag.com/food-and-drink/2026/07/31/great-happy-hours-spots-in-northern-virginia/","https://www.lazydogrestaurants.com/locations/chantilly-va","https://www.lazydogrestaurants.com/locations/chantilly-va","2026-10-07","Monday through Friday, 3–6 p.m., Sunday through Thursday, 9 p.m.–close.","Afternoon offers Monday-Friday; late-night food offers Sunday-Thursday until midnight. Official venue states drink specials end at 18:00. Map includes food offers.","Original factual summary","https://www.lazydogrestaurants.com/locations/chantilly-va","https://nominatim.openstreetmap.org/search?q=14333+Newbrook+Dr.%2C+Chantilly%2C+VA&format=jsonv2&addressdetails=1&limit=3&countrycodes=us","14333, Newbrook Drive, Chantilly, Fairfax County, Virginia, 20151, United States",""
