dish,restaurant,address,latitude,longitude,website_address,review_text
Aushak,Lapis,"1847 Columbia Rd NW, Washington, DC 20009",38.9213,-77.04383,https://www.lapisdc.com/,"Delicate steamed dumplings filled with buttery leeks, topped with beef and split-pea tomato sauce, tangy lemon-garlic labneh, mint and cayenne. A vegetable sauce option is also available."
Black sesame croissant,Nino’s Bakery,"2101 L St NW, Washington, DC 20037",38.90382,-77.04681,https://www.ninosbakerydc.com/,"Flaky croissant filled with black sesame and almond frangipane, balancing sweetness with a subtle bitter edge. A striking black stripe is folded into the golden pastry."
Blueberry buckwheat pancakes,Market Lunch,"225 7th St SE, Washington, DC 20003",38.88659,-76.99647,https://marketlunchdc.com/,"Fluffy, slightly nutty buckwheat pancakes packed with juicy blueberries are a longtime Eastern Market favorite. Served with melting butter; the reviewer recommends the optional pure maple syrup."
Carne asada munchwrap,Little Miner Taco,"4308 Rhode Island Ave, Brentwood, MD 20722",38.94083,-76.95291,https://www.littleminertaco.com/,"A crisp-and-soft tortilla wrap filled with carne asada, queso, tortilla chips, chipotle aioli, vegetables and sour cream. The beef makes this fast-food homage feel like an upgrade."
Cheeseburger,Eebee’s Corner Bar,"1840 6th St NW, Washington, DC 20001",38.91535,-77.02013,https://eebeesbar.com/,"A thick half-pound patty made from a custom dry-aged beef blend delivers buttery richness. Cracked pepper, cheddar, American cheese and onion complete the burger on a toasted housemade bun."
Chicken parmigiana with vodka sauce,Caruso’s Grocery,"1401 Pennsylvania Ave. SE, Washington, DC 20003",38.8797,-76.9848,https://www.carusosgrocery.com/,"A thin, generously sized breaded chicken breast comes covered with mozzarella and basil. Request the rich, tangy vodka sauce, and save bread to soak up the extra."
Chili wontons,Copycat Co.,"1110 H St NE, Washington, DC 20002",38.90037,-76.99103,https://copycatcompany.com/,"Springy pork wontons scented with ginger shine in a complex chili-oil sauce with garlic and sweetened soy. The sauce balances sweetness, salt and lip-tingling heat without overwhelming spice."
Crab bomb,Jerry’s Seafood,"15211 Major Lansdale Blvd., Bowie, Maryland",38.94888,-76.73727,https://jerrysseafood.com/,"A broiled, 10-ounce jumbo-lump crab cake uses mayonnaise as its binder without filler. Sweet crab, Old Bay and browned edges deliver simple richness; the article notes the crab is not Maryland-sourced."
Crunchy Boi,Compliments Only,"526 8th St SE, Washington, DC 20003",38.88175,-76.99476,https://complimentsonlysubs.com/,"Potato chips add crunch to this turkey-and-provolone sub. Shredded lettuce, pickles, onion, garlic mayo, oil and vinegar supply freshness and a sharp, savory punch."
Crunchy Boi,Compliments Only,"2029 P St NW, Washington, DC 20036",38.90983,-77.04625,https://complimentsonlysubs.com/,"Potato chips add crunch to this turkey-and-provolone sub. Shredded lettuce, pickles, onion, garlic mayo, oil and vinegar supply freshness and a sharp, savory punch."
Curry dessert,Moon Rabbit,"927 F St NW, Washington, DC 20004",38.89753,-77.02524,https://moonrabbitdc.com/,"Green curry sponge cake, avocado sorbet and soursop mousse meet fish sauce caramel, finger lime and dill. The unusual savory-sweet dessert is light and refreshing, with flavors that unfold gradually."
DL’s Egg Drop,I Egg You,"517 8th St SE, Washington, DC 20003",38.88216,-76.9953,https://ieggyou.com/,"Sweet bulgogi beef, fluffy fontina scrambled eggs, chives and spicy gochujang aioli fill butter-toasted milk bread. The indulgent sandwich combines a crisp exterior with a soft center."
Double cheeseburger,Steeze Burger,"12141 Darnestown Rd., Gaithersburg, Maryland",39.11766,-77.25151,https://steezeburgers.com/,"Two smashed patties use a seven-cut beef blend enriched with bone marrow. American cheese, steamed onions, dill pickles and house sauce make this sesame-bun burger especially rich and juicy."
Ethiopian-style breakfast,Heat Da Spot Cafe,"3213 Georgia Ave NW, Washington, DC 20010",38.93048,-77.02327,https://heatdaspotdc.com/,"Warmly spiced scrambled eggs with tomato, pepper and onion get a subtle drizzle of honey. Served with a lentil sambusa and injera for scooping; allow time for preparation."
Fish taco,Taqueria Picoso,"1472 N. Beauregard St., Alexandria, Virginia",38.83118,-77.12542,https://taqueriapicoso.com/,"Batter-fried cod shares a sturdy flour tortilla with cherry tomato, kale, jalapeño, avocado and cilantro. Jalapeño-cucumber dressing gives this carefully composed taco a fresh, colorful finish."
“G” Man sub,Mangialardo’s,"1317 Pennsylvania Ave. SE, Washington, DC 20003",38.88091,-76.98771,https://mangialardos.com/,"A longstanding Italian sub layers mortadella, pepperoni, salami, ham, provolone and fontina with oregano. The recommended hot-pepper and hard-roll combination adds spice and protects the hearty filling for takeout."
Harambe Loved Big Macs,Boogy and Peel,"1 Dupont Cir NW, Washington, DC 20036",38.90906,-77.0445,https://boogyandpeel.com/,"This playful pizza translates a Big Mac into a pie, piling burger components beneath shredded lettuce and special sauce. The reviewer finds the unlikely combination surprisingly successful."
Ice Cream,Gemini x Happy Ice Cream,"1509 17th St NW, Washington, DC 20036",38.91011,-77.03818,https://happygeminidc.com/,"Small batches and four daily flavors keep this ice cream cart inventive, with options such as olive oil, basil or labneh. Each flavor has its own base; fresh sourdough cones add caramelized crunch."
Kale pakora chaat,Chai Pani,"1325 5th St NE, Washington, DC 20002",38.90902,-76.99707,https://chaipani.com/dc,Kale leaves fried in chickpea batter become crisp pakoras dressed with sweet yogurt and chutneys. Melon seeds and grapes finish a lively street-food dish with contrasting textures.
Khachapuri,Supra,"1205 11th St NW, Washington, DC 20001",38.90597,-77.02681,https://supradc.com/,"Boat-shaped Georgian bread holds melted sulguni cheese, butter and an egg yolk mixed tableside. The ajaruli version remains a particularly comforting, stretchy-cheese favorite."
Mermaid shellfish tower,Cordelia Fishbar,"550 Morse St NE, Washington, DC 20002",38.90745,-76.99839,https://cordeliadc.com/,"A two-tier seafood spread pairs a dozen oysters with six large shrimp and jumbo-lump crab dijonnaise served with saltines. The reviewer highlights its value, especially at the article's half-price happy hour."
Mezzi rigatoni,Red Hen,"1822 1st St NW, Washington, DC 20001",38.91498,-77.01234,https://theredhendc.com/,Rigatoni coated in glossy red sauce and housemade sausage gets depth from fennel seeds and fennel pollen. This enduring restaurant signature remains a favorite more than a decade after its earlier essential-dishes listing.
Mortazza sandwich,Fossette Focacceria,"1250 9th St NW, Washington, DC 20001",38.90691,-77.02433,https://fossettedc.com/,"Warm, airy focaccia sandwiches thinly sliced Italian mortadella, creamy stracciatella and pistachio crema. Careful sourcing and a final olive-oil drizzle make the simple combination stand out."
Mortazza sandwich,Fossette Focacceria,"Union Market 1309 5th St NE, Washington, DC 20002",38.90861,-76.9974,https://fossettedc.com/,"Warm, airy focaccia sandwiches thinly sliced Italian mortadella, creamy stracciatella and pistachio crema. Careful sourcing and a final olive-oil drizzle make the simple combination stand out."
Mumbo wings,Yum’s II,"1413 14th St NW, Washington, DC 20005",38.90944,-77.03172,https://yumsii.com/,"Whole chicken wings are dredged and fried to order, then coated in a tangy, sweet-and-sour mumbo sauce. Fried rice or fries can catch the extra sauce."
Naem khao (crispy rice salad),Thip Khao,"3462 14th St NW, Washington, DC 20010",38.93291,-77.03301,https://thipkhao.com/,"Crisp coconut rice combines with herbs, scallions and peanuts in a lightly sweet fish-sauce dressing, with lettuce for wrapping. The reviewer especially recommends adding the optional fermented pork sausage."
No-Meat Sun City,Call Your Mother,"701 8th Street SE Washington, DC 20003",38.88111,-76.99516,https://callyourmotherdeli.com/,Soft eggs fused with American and cheddar cheeses fill a chewy everything bagel. Hot honey adds surprising sweetness and heat to this comforting meat-free breakfast sandwich.
No-Meat Sun City,Call Your Mother,"5035 Connecticut Ave NW Washington, DC 20008",38.95588,-77.06993,https://callyourmotherdeli.com/,Soft eggs fused with American and cheddar cheeses fill a chewy everything bagel. Hot honey adds surprising sweetness and heat to this comforting meat-free breakfast sandwich.
No-Meat Sun City,Call Your Mother,"3428 O Street NW Washington, DC 20007",38.90763,-77.06887,https://callyourmotherdeli.com/,Soft eggs fused with American and cheddar cheeses fill a chewy everything bagel. Hot honey adds surprising sweetness and heat to this comforting meat-free breakfast sandwich.
No-Meat Sun City,Call Your Mother,"1471 P Street NW Washington, DC 20005",38.90981,-77.03399,https://callyourmotherdeli.com/,Soft eggs fused with American and cheddar cheeses fill a chewy everything bagel. Hot honey adds surprising sweetness and heat to this comforting meat-free breakfast sandwich.
No-Meat Sun City,Call Your Mother,"205 Maple Ave E Vienna, VA 22180",38.90342,-77.26225,https://callyourmotherdeli.com/,Soft eggs fused with American and cheddar cheeses fill a chewy everything bagel. Hot honey adds surprising sweetness and heat to this comforting meat-free breakfast sandwich.
No-Meat Sun City,Call Your Mother,"1484 North Point Village Center Reston, VA 22180",38.97819,-77.35033,https://callyourmotherdeli.com/,Soft eggs fused with American and cheddar cheeses fill a chewy everything bagel. Hot honey adds surprising sweetness and heat to this comforting meat-free breakfast sandwich.
No-Meat Sun City,Call Your Mother,"6232 Old Dominion Drive Mclean, VA 22101",38.92019,-77.1501,https://callyourmotherdeli.com/,Soft eggs fused with American and cheddar cheeses fill a chewy everything bagel. Hot honey adds surprising sweetness and heat to this comforting meat-free breakfast sandwich.
No-Meat Sun City,Call Your Mother,"4000 Wilson Blvd Arlington, VA 22203",38.87946,-77.10778,https://callyourmotherdeli.com/,Soft eggs fused with American and cheddar cheeses fill a chewy everything bagel. Hot honey adds surprising sweetness and heat to this comforting meat-free breakfast sandwich.
No-Meat Sun City,Call Your Mother,"1300 King Street Alexandria, VA 22314",38.80575,-77.05374,https://callyourmotherdeli.com/,Soft eggs fused with American and cheddar cheeses fill a chewy everything bagel. Hot honey adds surprising sweetness and heat to this comforting meat-free breakfast sandwich.
OG Nashville sandwich,Roaming Rooster,"14394 Chantilly Crossing Ln, Chantilly, VA 20161",38.89737,-77.44288,https://roamingroosterdc.com/,Buttermilk-brined fried chicken gets smoky heat from paprika and cayenne. Bright vinaigrette slaw and sour pickle chips balance the sandwich's strong crunch and spice.
OG Nashville sandwich,Roaming Rooster,"1500 Cornerside Blvd, Tysons, VA 22182",38.9297,-77.24492,https://roamingroosterdc.com/,Buttermilk-brined fried chicken gets smoky heat from paprika and cayenne. Bright vinaigrette slaw and sour pickle chips balance the sandwich's strong crunch and spice.
OG Nashville sandwich,Roaming Rooster,"1301 U St NW, Washington, DC 20009",38.91718,-77.02987,https://roamingroosterdc.com/,Buttermilk-brined fried chicken gets smoky heat from paprika and cayenne. Bright vinaigrette slaw and sour pickle chips balance the sandwich's strong crunch and spice.
OG Nashville sandwich,Roaming Rooster,"6417 Shiplett Blvd, Burke, VA 22015",38.77695,-77.26577,https://roamingroosterdc.com/,Buttermilk-brined fried chicken gets smoky heat from paprika and cayenne. Bright vinaigrette slaw and sour pickle chips balance the sandwich's strong crunch and spice.
OG Nashville sandwich,Roaming Rooster,"2000 Pennsylvania Ave NW, Washington, DC 20006",38.90053,-77.04526,https://roamingroosterdc.com/,Buttermilk-brined fried chicken gets smoky heat from paprika and cayenne. Bright vinaigrette slaw and sour pickle chips balance the sandwich's strong crunch and spice.
Orange-ish chicken,Chiko,"423 8th St SE, Washington, DC 20003",38.88303,-76.99527,https://www.mychiko.com/,"Brined chicken thighs are battered, fried and seasoned with gochugaru and sesame. Candied jalapeños and mandarins add citrusy heat; a lighter orange reduction comes separately to preserve crispness."
Orange-ish chicken,Chiko,"2029 P St NW, Washington, DC 20036",38.90983,-77.04625,https://www.mychiko.com/,"Brined chicken thighs are battered, fried and seasoned with gochugaru and sesame. Candied jalapeños and mandarins add citrusy heat; a lighter orange reduction comes separately to preserve crispness."
Orange-ish chicken,Chiko,"46308 Cranston St, Sterling, VA 20165",39.03411,-77.3975,https://www.mychiko.com/,"Brined chicken thighs are battered, fried and seasoned with gochugaru and sesame. Candied jalapeños and mandarins add citrusy heat; a lighter orange reduction comes separately to preserve crispness."
Orange-ish chicken,Chiko,"4040 Campbell Ave, Arlington, VA 22206",38.84058,-77.08796,https://www.mychiko.com/,"Brined chicken thighs are battered, fried and seasoned with gochugaru and sesame. Candied jalapeños and mandarins add citrusy heat; a lighter orange reduction comes separately to preserve crispness."
Passion fruit doughnut,Rose Ave Bakery,"2633 Connecticut Ave NW, Washington, DC 20008",38.92454,-77.05177,https://www.roseavebakery.com/,"Pillowy brioche encloses a tangy passion-fruit curd that balances the rich dough. Raspberry-flecked sugar, a visible dollop of filling and rose petals make the doughnut especially eye-catching."
Pepperoni pizza,Andy’s Pizza,"10408 Fairfax Blvd, Fairfax, VA 22030",38.85956,-77.30427,https://www.eatandyspizza.com/,"Foldable New York-style pizza uses dough fermented for 72 hours. Pepperoni curls into crisp-edged cups that collect spicy oil, delivering a dependable, satisfying slice."
Pepperoni pizza,Andy’s Pizza,"145 Commerce Square Pl, Gaithersburg, MD 20878",39.12219,-77.23432,https://www.eatandyspizza.com/,"Foldable New York-style pizza uses dough fermented for 72 hours. Pepperoni curls into crisp-edged cups that collect spicy oil, delivering a dependable, satisfying slice."
Pepperoni pizza,Andy’s Pizza,"7101 Democracy Blvd, Bethesda, MD 20817",39.02418,-77.14609,https://www.eatandyspizza.com/,"Foldable New York-style pizza uses dough fermented for 72 hours. Pepperoni curls into crisp-edged cups that collect spicy oil, delivering a dependable, satisfying slice."
Pepperoni pizza,Andy’s Pizza,"1065 Wisconsin Ave NW, Washington, DC 20007",38.90454,-77.06246,https://www.eatandyspizza.com/,"Foldable New York-style pizza uses dough fermented for 72 hours. Pepperoni curls into crisp-edged cups that collect spicy oil, delivering a dependable, satisfying slice."
Pepperoni pizza,Andy’s Pizza,"901 N Pollard St, Arlington, VA 22203",38.88207,-77.10635,https://www.eatandyspizza.com/,"Foldable New York-style pizza uses dough fermented for 72 hours. Pepperoni curls into crisp-edged cups that collect spicy oil, delivering a dependable, satisfying slice."
Pepperoni pizza,Andy’s Pizza,"2465 18th St NW, Washington, DC 20009",38.92213,-77.04226,https://www.eatandyspizza.com/,"Foldable New York-style pizza uses dough fermented for 72 hours. Pepperoni curls into crisp-edged cups that collect spicy oil, delivering a dependable, satisfying slice."
Pepperoni pizza,Andy’s Pizza,"2000 Pennsylvania Ave NW, Washington, DC 20006",38.90053,-77.04526,https://www.eatandyspizza.com/,"Foldable New York-style pizza uses dough fermented for 72 hours. Pepperoni curls into crisp-edged cups that collect spicy oil, delivering a dependable, satisfying slice."
Pepperoni pizza,Andy’s Pizza,"4600 East-West Hwy, Bethesda, MD 20814",38.98452,-77.09291,https://www.eatandyspizza.com/,"Foldable New York-style pizza uses dough fermented for 72 hours. Pepperoni curls into crisp-edged cups that collect spicy oil, delivering a dependable, satisfying slice."
Pepperoni pizza,Andy’s Pizza,"51 M St NE, Washington, DC 20002",38.9055,-77.00716,https://www.eatandyspizza.com/,"Foldable New York-style pizza uses dough fermented for 72 hours. Pepperoni curls into crisp-edged cups that collect spicy oil, delivering a dependable, satisfying slice."
Pepperoni pizza,Andy’s Pizza,"107 N Fayette St, Alexandria, VA 22314",38.80604,-77.05221,https://www.eatandyspizza.com/,"Foldable New York-style pizza uses dough fermented for 72 hours. Pepperoni curls into crisp-edged cups that collect spicy oil, delivering a dependable, satisfying slice."
Pepperoni pizza,Andy’s Pizza,"808 V St NW, Washington, DC 20001",38.91763,-77.02331,https://www.eatandyspizza.com/,"Foldable New York-style pizza uses dough fermented for 72 hours. Pepperoni curls into crisp-edged cups that collect spicy oil, delivering a dependable, satisfying slice."
Pepperoni pizza,Andy’s Pizza,"2001 International Dr, McLean, VA 22102",38.92325,-77.22467,https://www.eatandyspizza.com/,"Foldable New York-style pizza uses dough fermented for 72 hours. Pepperoni curls into crisp-edged cups that collect spicy oil, delivering a dependable, satisfying slice."
Pepperoni pizza,Andy’s Pizza,"1201 Half St SE, Washington, DC 20003",38.87546,-77.00763,https://www.eatandyspizza.com/,"Foldable New York-style pizza uses dough fermented for 72 hours. Pepperoni curls into crisp-edged cups that collect spicy oil, delivering a dependable, satisfying slice."
Pepperoni pizza,Andy’s Pizza,"2429 Mandeville Ln, Alexandria, VA 22332",38.80307,-77.0701,https://www.eatandyspizza.com/,"Foldable New York-style pizza uses dough fermented for 72 hours. Pepperoni curls into crisp-edged cups that collect spicy oil, delivering a dependable, satisfying slice."
Peruvian chicken,El Pollo Rico,"932 North Kenmore Street Arlington, VA 22201",38.8839,-77.10074,https://elpollorico.com/,"Charcoal-roasted Peruvian chicken develops bronzed skin and succulent meat while turning on the spit. A garlic, cumin and herb seasoning penetrates the bird; chile sauce adds extra zing."
Peruvian chicken,El Pollo Rico,"10801 Fairfax Blvd Fairfax, VA 22030",38.85476,-77.31659,https://elpollorico.com/,"Charcoal-roasted Peruvian chicken develops bronzed skin and succulent meat while turning on the spit. A garlic, cumin and herb seasoning penetrates the bird; chile sauce adds extra zing."
Peruvian chicken,El Pollo Rico,"13470 Minnieville Rd Woodbridge, VA 22192",38.65665,-77.30625,https://elpollorico.com/,"Charcoal-roasted Peruvian chicken develops bronzed skin and succulent meat while turning on the spit. A garlic, cumin and herb seasoning penetrates the bird; chile sauce adds extra zing."
Peruvian chicken,El Pollo Rico,"2517 University Blvd  West Silver Spring, MD 20902",39.03657,-77.02996,https://elpollorico.com/,"Charcoal-roasted Peruvian chicken develops bronzed skin and succulent meat while turning on the spit. A garlic, cumin and herb seasoning penetrates the bird; chile sauce adds extra zing."
The Philly,Soko Butcher,"7306 Carroll Ave., Takoma Park, Maryland",38.97838,-77.00612,https://sokobutcher.com/,"Prime rib, onions and a housemade American-and-Cooper-Sharp cheese sauce are mixed on the grill so every bite combines the filling. A Lyon Bakery roll holds the substantial sandwich."
Pho No. 1,Pho 75,"382 Elden St, Herndon, VA 20170-4818",38.96762,-77.37414,https://pho75noodle.com/,"A clear yet deeply flavored beef broth supports rice noodles, eye-round steak, flank, fatty brisket, tendon and tripe. The reviewer finds its varied textures and flavor satisfying even without garnishes or condiments."
Pho No. 1,Pho 75,"1721 Wilson Blvd, Arlington, VA 22209",38.89428,-77.07879,https://pho75noodle.com/,"A clear yet deeply flavored beef broth supports rice noodles, eye-round steak, flank, fatty brisket, tendon and tripe. The reviewer finds its varied textures and flavor satisfying even without garnishes or condiments."
Pho No. 1,Pho 75,"382 Elden St, Herndon, VA 20170-4818",38.96762,-77.37414,https://pho75noodle.com/,"A clear yet deeply flavored beef broth supports rice noodles, eye-round steak, flank, fatty brisket, tendon and tripe. The reviewer finds its varied textures and flavor satisfying even without garnishes or condiments."
Pho No. 1,Pho 75,"3103 Graham Rd, Falls Church, VA 22042",38.86405,-77.19451,https://pho75noodle.com/,"A clear yet deeply flavored beef broth supports rice noodles, eye-round steak, flank, fatty brisket, tendon and tripe. The reviewer finds its varied textures and flavor satisfying even without garnishes or condiments."
Pho No. 1,Pho 75," 1510 University Blvd. East Langley Park, MD 20783",38.98565,-76.98271,https://pho75noodle.com/,"A clear yet deeply flavored beef broth supports rice noodles, eye-round steak, flank, fatty brisket, tendon and tripe. The reviewer finds its varied textures and flavor satisfying even without garnishes or condiments."
Pupusas,El Rinconcito II,"1326 Park Rd NW, Washington, DC 20010",38.93066,-77.03072,https://www.facebook.com/people/Rinconcito-Salvadorian-Tex-Mex/100054632520896/,"Thick handmade corn cakes are generously filled with choices including meat, cheese, beans and loroco, then griddled until lightly crisp. Tangy curtido and refreshing red salsa balance their richness."
Signature luosifen,Yanzi Noodle House,"10955 Fairfax Blvd, Fairfax, Virginia",38.85262,-77.32272,https://yanzinoodle.com/,"Rice noodles sit in an earthy river-snail broth layered with pickled cabbage, chili oil, wood-ear mushrooms and sour bamboo shoots. The reviewer praises its shifting flavors without the strong funk sometimes associated with luosifen."
Smoked amba chicken sandwich,Yellow,"417 Morse St NE, Washington, DC 20002",38.90738,-76.99946,https://www.yellowthecafe.com/,"Fresh wood-fired pita holds juicy coal-fired chicken marinated with yogurt and amba. Crispy potato tots, pickles, chili labneh, tahini, sumac onions and herbs create a generously layered sandwich."
Smoked amba chicken sandwich,Yellow,"1524 Wisconsin Ave NW, Washington, DC 20007",38.90947,-77.06461,https://www.yellowthecafe.com/,"Fresh wood-fired pita holds juicy coal-fired chicken marinated with yogurt and amba. Crispy potato tots, pickles, chili labneh, tahini, sumac onions and herbs create a generously layered sandwich."
Spicy chili half-smoke,Ben’s Chili Bowl,"1213 U St NW, Washington, DC 20009",38.91716,-77.02877,https://benschilibowl.com/,A smoky beef-and-pork sausage is covered in cayenne-spiced chili at the original U Street diner. The review celebrates both its signature D.C. flavor and its connection to the city's civil-rights history.
Ube bread pudding,Purple Patch,"3155 Mt Pleasant St NW, Washington, DC 20010",38.93057,-77.03785,https://purplepatchdc.com/,"Ube jam flavors a warm, springy bread pudding made with brown sugar and orange juice. Salted caramel, crunchy granola and a scoop of ube ice cream add richness and contrasting textures."
Udon carbonara,Perry’s,"1811 Columbia Rd NW, Washington, DC 20009",38.92212,-77.04354,https://perrysam.com/,"Chewy udon is coated in a parmesan and kombu-tea sauce, then topped with crisp prosciutto and an orange egg yolk. Stir the yolk through before eating for a richer sauce."
Veggie combo and special beef kitfo,Beteseb Restaurant,"8201 Georgia Ave, Silver Spring, MD 20910",38.99227,-77.02648,https://betesebrestaurant.com/,"A seven-item vegetarian platter includes spicy lentils and stewed chickpeas. The reviewer recommends pairing it with special beef kitfo, raw steak dressed in herbed clarified butter and fiery mitmita spice."
Whole Hog sandwich,2Fifty Texas BBQ,"414 K St NW, Washington, DC 20001",38.90232,-77.01694,https://2fiftybbq.com/,"Meat from several parts of a smoked whole pig is mixed with seasoning and cider-vinegar sauce, then finished with crushed fried skin. The reviewer favors skipping coleslaw to appreciate the pork's varied flavors."
