restaurant_name,address,latitude,longitude,website_address,short_description,Sun,Mon,Tue,Wed,Thu,Fri,Sat
A&J Restaurant,"1319 Rockville Pike, Rockville, MD 20852",39.0685606,-77.1307071,https://www.aandjrestaurant.com/,"Taiwanese Noodles, buns, and soups",,,,,,,
A&J Restaurant,"4316 Markham St, Annandale, VA 22003",38.830288,-77.200992,https://www.aandjrestaurant.com/,"Taiwanese Noodles, buns, and soups",,,,,,,
Arepa Zone,"1121 14th St NW, Washington, DC 20005",38.904491,-77.031564,https://www.arepazone.com/,Venezuelan arepas,,,,,,,
Arepa Zone,"2000 Pennsylvania Ave NW, Washington, DC 20006",38.900363,-77.045778,https://www.arepazone.com/,Venezuelan arepas,,,,,,,
Arepa Zone,"3160 Spring St Unit B, Fairfax, VA 22031",38.86653148,-77.27931349,https://www.arepazone.com/,Venezuelan arepas,,,,,,,
Arepa Zone,"1280 4th St NE, Washington, DC 20002",38.90857,-76.99963909,https://www.arepazone.com/,Venezuelan arepas,,,,,,,
Arepa Zone,"1500 S Capitol St SE, Washington, DC 20003",38.873667,-77.007464,https://www.arepazone.com/,Venezuelan arepas,,,,,,,
Arepa Zone,"100 Potomac Ave SW, Washington, DC 20024",38.868261,-77.012609,https://www.arepazone.com/,Venezuelan arepas,,,,,,,
Arepa Zone,"4341 Calvert Rd, College Park, MD 20740",38.97851111,-76.93918608,https://www.arepazone.com/,Venezuelan arepas,,,,,,,
Bánh Mì Oi,"6795 Wilson Blvd, Falls Church, VA 22044",38.87282285,-77.15459927,https://www.banhmioi.cafe/,Bahn Mi sandwiches,,,,,,,
Bao Bei,"12015 Rockville Pike, Rockville, MD 20852",39.054111,-77.114593,https://www.baobei.menu/,Taiwanese Bao,,,,,,,
Beteseb,"8201 Georgia Ave, Silver Spring, MD 20910",38.99186809,-77.02628592,https://www.betesebrestaurant.com/,Ethiopian,,,,,,,
Boogy & Peel,"1 Dupont Cir NW, Washington, DC 20036",38.908953,-77.044539,https://boogyandpeel.com/,Pizza,,,,,,,
Camba Cafe,"7177 Lee Hwy, Falls Church, VA 22046",38.87889,-77.18013,https://cambacafe.wixsite.com/cambacafe-1?lang=en,Bolivian,,,,,,,
Chaia,"3207 Grace St NW, Washington, DC 20007",38.9041121,-77.0632605,https://www.chaiatacos.com/,"Tacos, emphasizing fresh vegetables",,,,,,,
Chaia,"615 I St NW, Washington, DC 20001",38.90072,-77.02039,https://www.chaiatacos.com/,"Tacos, emphasizing fresh vegetables",,,,,,,
Charga Grill,"5151 Langston Blvd, Arlington, VA 22207",38.89660688,-77.13232325,https://chargagrill.com/,"Rotisserie chicken, sandwiches in Indian, Peruvian and American styles",,,,,,,
Chay,"6351 Columbia Pike, Falls Church, VA 22041",38.836811,-77.156357,https://www.chayrestaurant.com/,Vietnamese Vegetarian,,,,,,,
Chiko,"423 8th St SE, Washington, DC 20003",38.8837,-76.9907,https://www.mychiko.com/,Chinese / Korean fusion,,,,,,,
Chiko,"2029 P St NW, Washington, DC 20036",38.909816,-77.046203,https://www.mychiko.com/,Chinese / Korean fusion,,,,,,,
Chiko,"46308 Cranston St, Sterling, VA 20165",39.0504,-77.3821,https://www.mychiko.com/,Chinese / Korean fusion,,,,,,,
Chiko,"4040 Campbell Ave, Arlington, VA 22206",38.84054373,-77.08800453,https://www.mychiko.com/,Chinese / Korean fusion,,,,,,,
Desi Breakfast Club,"3065 Centreville Rd, Herndon, VA 20171",38.9215792,-77.4162772,https://desibreakfastclub.com/,Pakistani Nashta,,,,,,,
Eggholic,"1900 M St NW, Washington, DC 20036",38.905358,-77.043917,https://eggholic.com/,Indian egg-focused menu,,,,,,,
Eggholic,"13951 Metrotech Dr, Chantilly, VA 20151",38.89445,-77.42595,https://eggholic.com/,Indian egg-focused menu,,,,,,,
El Viejo Central American Kitchen,"9224 Warren St, Silver Spring, MD 20910",39.00657907,-77.04921449,https://www.elviejocak.com/,Central American breakfast/lunch café,,,,,,,
Fava Pot,"1817 M St NW, Washington, DC 20036",38.905837,-77.042107,https://www.favapot.com/,Egyptian ,,,,,,,
Fava Pot,"7393 Lee Hwy, Falls Church, VA 22042",38.875693,-77.198182,https://www.favapot.com/,Egyptian ,,,,,,,
Fava Pot,"1624 Boro Pl, McLean, VA 22102",38.9235,-77.2243,https://www.favapot.com/,Egyptian ,,,,,,,
Habesha Market,"1919 9th St NW, Washington, DC 20001",38.916347,-77.023708,https://habeshamarket.com/,Ethiopian,,,,,,,
Haifa Grill,"3541 Carlin Springs Rd, Falls Church, VA 22041",38.846965,-77.124927,https://haifagrill.com/,Palestinian,,,,,,,
Hello Vietnam,"2200 Veirs Mill Rd, Rockville, MD 20851",39.07544,-77.11473,https://www.hellovietnamfood.com/,"Vietnamese pho, bahn mi, buns",,,,,,,
Hijos del Maiz,"12151 Rockville Pike, Rockville, MD 20852",39.05807398,-77.12033882,https://order.toasttab.com/,Mexican,,,,,,,
Honeymoon Chicken,"4201 Georgia Ave NW, Washington, DC 20011",38.94210081,-77.02531809,https://www.honeymoonchicken.com/,Chicken,,,,,,,
Joia,"3213 Mount Pleasant St NW, Washington, DC 20010",38.93157509,-77.03828408,https://www.joiaburgerdc.com/,"Smashburgers, soft-serve ice cream",,,,,,,
Joia,"2414 Wisconsin Ave NW, Washington, DC 20007",38.9214544,-77.0724728,https://www.joiaburgerdc.com/,"Smashburgers, soft-serve ice cream",,,,,,,
Jon’s Joint,"1107 19th St NW, Washington, DC 20036",38.90418359,-77.0430503,https://jonsjoint.com/,"Smashburgers, milk shakes",,,,,,,
Jon’s Joint,"7770 Richmond Hwy, Alexandria, VA 22306",38.74716446,-77.08508163,https://jonsjoint.com/,"Smashburgers, milk shakes",,,,,,,
Jon’s Joint,"250 N Glebe Rd, Arlington, VA 22203",38.87339514,-77.10505392,https://jonsjoint.com/,"Smashburgers, milk shakes",,,,,,,
Jon’s Joint,"21435 Epicerie Plaza, Sterling, VA 20164",39.02355294,-77.39558168,https://jonsjoint.com/,"Smashburgers, milk shakes",,,,,,,
Kao Sarn Thai Street Food,"6795 Wilson Blvd, Falls Church, VA 22044",38.8729489,-77.15508084,https://kaosarnthai.com/,Thai Street Food,,,,,,,
Keren,"1780 Florida Ave NW, Washington, DC 20009",38.91685579,-77.0412718,https://www.kerendc.com/,"Eritrean, including breakfast",,,,,,,
Khan Kabob House,"4229 Lafayette Center Dr, Chantilly, VA 20151",38.90902169,-77.47388273,https://khankabob.com/,Pakistani Kabobs,,,,,,,
Kuya Ja’s Lechon Belly,"5268 Nicholson Ln, Rockville, MD 20852",39.04452552,-77.10691519,https://www.kuyajas.com/,Filipino,,,,,,,
La Tejana,"3211 Mount Pleasant St NW, Washington, DC 20010",38.93157082,-77.03827263,https://www.latejanadc.com/,Tex-Mex tacos,,,,,,,
Los Hermanos,"1428 Park Rd NW, Washington, DC 20010",38.93054841,-77.03374953,https://www.hermanosrestaurant.com/,Dominican,,,,,,,
Mecho’s Dominican Kitchen,"2450 Market St NE, Washington, DC 20018",38.92117527,-76.95253148,https://mechoskitchen.com/,Dominican,,,,,,,
Makeda,"516 S Van Dorn St, Alexandria, VA 22304",38.80608282,-77.13316024,https://makedarestaurant-va.com/,Ethopian,,,,,,,
Mandalay,"930 Bonifant St, Silver Spring, MD 20910",38.99400282,-77.02475462,https://www.mandalayrestaurantcafe.com/,Burmese,,,,,,,
Manifest Bread,"6208 Rhode Island Ave, Riverdale Park, MD 20737",38.96312933,-76.93562886,https://www.manifestbread.com/,Bakery,,,,,,,
Marufuji Japanese Market,"8520 Leesburg Pike, Vienna, VA 22182",38.92832634,-77.23785804,https://www.maruichius.net/,Japanese grocery with udon soup and hand rolls,,,,,,,
Marv’s Dogs,"4936 Wisconsin Ave NW, Washington, DC 20016",38.95454769,-77.08235051,https://marvsdogsdc.com/,Hot Dogs,,,,,,,
Mélange Foods,"2108 8th St NW, Washington, DC 20001",38.91818594,-77.02308794,https://melangefoods.com/,"Burgers, chicken sandwiches",,,,,,,
Melt Gourmet Cheeseburgers,"525 E Market St, Leesburg, VA 20176",39.1082895,-77.55240048,https://meltgourmetcheeseburgers.com/,"Burgers, (including beef, chicken, fish, and bean) and fries",,,,,,,
Nha Trang,"6757 Wilson Blvd, Falls Church, VA 22044",38.87448737,-77.15373796,https://edencenter.com/stores/nha-trang-restaurant/,Vietnamese,,,,,,,
Pho Ga Vang,"6767 Wilson Blvd, Falls Church, VA 22044",38.87418928,-77.15509842,https://phogavang.com/,Vietnamese Pho,,,,,,,
Pho Thin,"7263H Arlington Blvd, Falls Church, VA 22042",38.86532666,-77.19636149,https://www.phothindmv.com/,Vietnamese Pho,,,,,,,
Ravi Kabob House,"305 N Glebe Rd, Arlington, VA 22203",38.87435661,-77.10457646,https://ravi-kabob-house.foodyvo.com/,Pakistani Kabobs,,,,,,,
Rice Paper,"6775 Wilson Blvd, Falls Church, VA 22044",38.87399845,-77.15467892,https://ricepaper-tasteofvietnam.com/,Vietnamese,,,,,,,
Ruan Thai,"11407 Amherst Ave, Wheaton, MD 20902",39.04191896,-77.04708329,https://ruanthaiwheaton.com/,Thai classics,,,,,,,
Saints Paradise Cafeteria,"601 M St NW, Washington, DC 20001",38.9059719,-77.02018895,https://saints-paradise-cafeteria.wherevi.com/menu.html,Soul food,,,,,,,
San Pancho,"7056 Carroll Ave, Takoma Park, MD 20912",38.97536318,-77.0098083,https://www.sanpanchoburritos.com/,"Burritos, tortas, and more",,,,,,,
Sardi’s Peruvian Chicken,"10433 Baltimore Ave, Beltsville, MD 20705",39.02713324,-76.91788623,https://sardischicken.com/,"Peruvian charbroiled chicken, sandwiches, latin specialties",,,,,,,
Sardi’s Peruvian Chicken,"4001 Town Center Blvd, Bowie, MD 20748",38.94505303,-76.7345424,https://sardischicken.com/,"Peruvian charbroiled chicken, sandwiches, latin specialties",,,,,,,
Sardi’s Peruvian Chicken,"8811 Hampton Mall Dr, Capitol Heights, MD 20743",38.88903727,-76.852231,https://sardischicken.com/,"Peruvian charbroiled chicken, sandwiches, latin specialties",,,,,,,
Sardi’s Peruvian Chicken,"8900 Woodyard Rd, Clinton, MD 20735",38.7674397,-76.88569334,https://sardischicken.com/,"Peruvian charbroiled chicken, sandwiches, latin specialties",,,,,,,
Sardi’s Peruvian Chicken,"430 N Frederick Ave, Gaithersburg, MD 20877",39.14711131,-77.20609556,https://sardischicken.com/,"Peruvian charbroiled chicken, sandwiches, latin specialties",,,,,,,
Sardi’s Peruvian Chicken,"13600 Baltimore Ave, Laurel, MD 20707",39.07710024,-76.86963053,https://sardischicken.com/,"Peruvian charbroiled chicken, sandwiches, latin specialties",,,,,,,
Sardi’s Peruvian Chicken,"8320 Annapolis Rd, New Carrollton, MD 20784",38.95731894,-76.87120212,https://sardischicken.com/,"Peruvian charbroiled chicken, sandwiches, latin specialties",,,,,,,
Sardi’s Peruvian Chicken,"3418 Olney Laytonsville Rd, Olney, MD 20832",39.15283311,-77.06776264,https://sardischicken.com/,"Peruvian charbroiled chicken, sandwiches, latin specialties",,,,,,,
Sardi’s Peruvian Chicken,"6355 Oxon Hill Rd, Oxon Hill, MD 20745",38.80365446,-76.99237426,https://sardischicken.com/,"Peruvian charbroiled chicken, sandwiches, latin specialties",,,,,,,
Sardi’s Peruvian Chicken,"5290 Randolph Rd, Rockville, MD 20852",39.05320637,-77.10457127,https://sardischicken.com/,"Peruvian charbroiled chicken, sandwiches, latin specialties",,,,,,,
Sardi’s Peruvian Chicken,"1159 University Blvd E, Takoma Park, MD 20912",38.9888471,-76.98936313,https://sardischicken.com/,"Peruvian charbroiled chicken, sandwiches, latin specialties",,,,,,,
Sardi’s Peruvian Chicken,"3443 Branch Ave, Temple Hills, MD 20748",38.84434038,-76.95019344,https://sardischicken.com/,"Peruvian charbroiled chicken, sandwiches, latin specialties",,,,,,,
Sardi’s Peruvian Chicken,"1480 N Beauregard St, Alexandria, VA 22311",38.83143149,-77.12391851,https://sardischicken.com/,"Peruvian charbroiled chicken, sandwiches, latin specialties",,,,,,,
Spice Kitchen,"3124 Queens Chapel Rd, Hyattsville, MD 20782",38.95133654,-76.96802983,https://spicekitchengrill.com/,West African Grill,,,,,,,
Spice Kitchen,"15606 Emerald Way, Bowie, MD 20716",38.94377036,-76.73625667,https://spicekitchengrill.com/,West African Grill,,,,,,,
Sushi Hachi,"735 8th St SE, Washington, DC 20003",38.88020061,-76.99450177,https://www.sushihachidc.com/,Sushi,,,,,,,
Taqueria Habanero,"3710 14th St NW, Washington, DC 20010",38.93756,-77.03309,https://www.taqueriahabanero.com/,"Tacos, burritos, quesadillas",,,,,,,
Taqueria Habanero,"670 Rhode Island Ave NE, Washington, DC 20002",38.92238,-76.99641,https://www.taqueriahabanero.com/,"Tacos, burritos, quesadillas",,,,,,,
Taqueria Habanero,"7410 Baltimore Ave, College Park, MD 20740",38.98127,-76.93819,https://www.taqueriahabanero.com/,"Tacos, burritos, quesadillas",,,,,,,
Taqueria Sabor Mixteco,"2462 Ennalls Ave, Silver Spring, MD 20902",39.04016,-77.05245,https://sabormixteco.com/,Mexican specialties,,,,,,,
Taqueria Xochi,"924 U St NW, Washington, DC 20001",38.91684,-77.02497,https://www.taqueriaxochi.com/,Mexico City Street Food,,,,,,,
Taqueria Xochi,"1850 K St NW, Washington, DC 20006",38.90240576,-77.04290545,https://www.taqueriaxochi.com/,Mexico City Street Food,,,,,,,
Taqueria Xochi,"1450 S Eads St Suite 32, Arlington, VA 22202",38.86077141,-77.05413538,https://www.taqueriaxochi.com/,Mexico City Street Food,,,,,,,
Taqueria Xochi,"300 Tingey St SE #170, Washington, DC 20003",38.8751653,-77.00090373,https://www.taqueriaxochi.com/,Mexico City Street Food,,,,,,,
Tempo Shack,"804 13th St NE, Washington, DC 20002",38.90062482,-76.98857123,https://www.temposhackeats.com/,Nepalese Street Food,,,,,,,
Thai Square,"3217 Columbia Pike, Arlington, VA 22204",38.86182,-77.09066,https://www.thaisquarerestaurant.com/,Thai,,,,,,,
323 Dhaba Express,"20800 Pidgeon Hill Dr, Sterling, VA 20165",39.03608165,-77.40807936,https://323dhabaexpress.com/,Punjab Specialties,,,,,,,
Trippy Tacos,"12134 Georgia Ave, Silver Spring, MD 20902",39.05411807,-77.05110542,https://trippytacos240.com/,Latin Street Food,,,,,,,
Truong Tien,"6763 Wilson Blvd, Falls Church, VA 22044",38.87537707,77.15479369,https://edencenter.com/,Vietnamese,,,,,,,
2Fifty,"414 K St NW, Washington, DC 20001",38.90236996,-77.01678155,https://www.2fiftybbq.com/,Texas BBQ,,,,,,,
2Fifty,"4700 Riverdale Rd, Riverdale Park, MD 20737",38.96201,-76.93489,https://www.2fiftybbq.com/,Texas BBQ,,,,,,,
Upstate FTW,"1314 U St NW, Washington, DC 20009",38.91683,-77.03059,https://www.upstateftw.com/,Upstate NY specialities,,,,,,,
Vit Goel Tofu (Lighthouse Tofu),"4121 Chatelain Rd, Annandale, VA 22003",38.83394885,-77.19005082,https://vitgoeltofu.com/,Korean,,,,,,,
Yellow,"417 Morse St NE, Washington, DC 20002",38.90752075,-76.99939222,https://www.yellowthecafe.com/,Kebabs,,,,,,,
Yellow,"1524 Wisconsin Ave NW, Washington, DC 20007",38.90962934,-77.06471913,https://www.yellowthecafe.com/,Baked goods and sandwiches from the Levant,,,,,,,
Yu Noodles,"9 Dawson Ave, Rockville, MD 20850",39.08871,-77.15398,https://www.yunoodles.com/,Spicy soup dumplings,,,,,,,
Yu Noodles,"387 E Gude Dr, Rockville, MD 20850",39.09509,-77.13309,https://www.yunoodles.com/,Spicy soup dumplings,,,,,,,
Yu Noodles,"930 Wayne Ave, Silver Spring, MD 20910",38.99455,-77.02527,https://www.yunoodles.com/,Spicy soup dumplings,,,,,,,
Yu Noodles,"1515 Wilson Blvd Unit 102, Arlington, VA 22209",38.89525127,-77.07446891,https://www.yunoodles.com/,Spicy soup dumplings,,,,,,,
Yu Noodles,"13930 Metrotech Dr, Chantilly, VA 20151",38.89548,-77.42503,https://www.yunoodles.com/,Spicy soup dumplings,,,,,,,
Yu Noodles,"11217 Lee Hwy, Fairfax, VA 22030",38.8508144,-77.33482433,https://www.yunoodles.com/,Spicy soup dumplings,,,,,,,
Yu Noodles,"368 Elden St, Herndon, VA 20170",38.96759,-77.37403,https://www.yunoodles.com/,Spicy soup dumplings,,,,,,,
Yu Noodles,"1690 Anderson Rd #B, McLean, VA 22102",38.92252981,-77.20121371,https://www.yunoodles.com/,Spicy soup dumplings,,,,,,,
Yu Noodles,"1065 5th St NW, Washington, DC 20001",38.90321,-77.01876,https://www.yunoodles.com/,Spicy soup dumplings,,,,,,,
Z&Z Manoushe Bakery,"1111 Nelson St, Rockville, MD 20850",39.09188,-77.17427,https://www.zandzdc.com/,Middle-Eastern-style bakery,,,,,,,
