name,address,website_address,monday_hours,tuesday_hours,wednesday_hours,thursday_hours,friday_hours,saturday_hours,sunday_hours,hours_notes
Big Kyle Barbecue,"Atwater Dr, One Loudoun, VA 20147",https://bigkylebbq.com/,,,,,,,,No reliable branch-specific weekly schedule verified from the supplied website in this pass.
Hammerdown Barbecue,"41153 Little River Tpke, Aldie, VA 20105",https://hammerdownbbq.com/,,,11:00-19:00,11:00-19:00,11:00-19:00,11:00-19:00,11:00-19:00,May close early when sold out. Monday and Tuesday are not explicitly specified.
The Difference Baker,"20937 Ashburn Rd Ste 130, Ashburn, VA 20147",https://thedifferencebaker.com/,,,,,,,,No reliable branch-specific weekly schedule verified from the supplied website in this pass.
Bkd. Bagels,"105 S King St, Leesburg, VA 20175",https://www.bkdbagels.com/,,,,,,,,Info page returned no readable weekly schedule for the 105 S King Street location.
Buford's Biscuits,"7 W Market St, Leesburg, VA 20176",https://www.bufordsbiscuits.com/,,,,08:00-14:00,08:00-14:00,08:00-14:00,09:00-14:00,Only Thursday through Sunday are explicitly published; other days remain unknown.
Joe's Cafe,"45665 W Church Rd, Sterling, VA 20164",https://joescafesterling.com/,,,,,,,,No reliable branch-specific weekly schedule verified from the supplied website in this pass.
Spanky's Shenanigans,"538 E Market St, Leesburg, VA 20176",https://www.spankyspub.com/,,,,,,,,No reliable branch-specific weekly schedule verified from the supplied website in this pass.
Blue Ridge Grill ,"44065 Ashburn Shopping Plaza, Ashburn, VA 20147",https://brgrill.com/,,,,,,,,No reliable branch-specific weekly schedule verified from the supplied website in this pass.
Blue Ridge Grill ,"22865 Brambleton Plaza Brambleton, VA 20148",https://brgrill.com/,,,,,,,,No reliable branch-specific weekly schedule verified from the supplied website in this pass.
Blue Ridge Grill ,"955 Edwards Ferry Rd, Leesburg, VA 20176",https://brgrill.com/,,,,,,,,No reliable branch-specific weekly schedule verified from the supplied website in this pass.
King Street Oyster Bar,"12 S King St, Leesburg, VA 20175",https://www.kingstreetoysterbar.com/,,,,,,,,No reliable branch-specific weekly schedule verified from the supplied website in this pass.
China King's Restaurant,"5 S King St, Leesburg, VA 20175",https://chinakingtogo.com/,,,,,,,,No reliable branch-specific weekly schedule verified from the supplied website in this pass.
Trinity House Café + Market,"101 East Market Street, Leesburg, VA 20176",https://www.trinityhousecafe.com/,08:00-15:00,08:00-15:00,08:00-15:00,08:00-15:00,08:00-15:00,08:00-17:00,,Visible website schedule used instead of older conflicting structured data. Sunday not explicitly specified.
Doppio Bunny Coffee,"550 E Main St, Purcellville, VA 20132",https://www.facebook.com/doppiobunny/,,,,,,,,No reliable branch-specific weekly schedule verified from the supplied website in this pass.
SimplyBe Coffee,"208 Church Street, Leesburg, VA 20175",https://www.tolministries.org/simplybe-coffee/,08:00-15:00,08:00-15:00,08:00-15:00,08:00-15:00,08:00-15:00,09:00-15:00,,Leesburg branch. Sunday not explicitly specified.
Back Street Brews,"11 E Pennsylvania Ave, Lovettsville, VA 20180",https://www.facebook.com/backstreetbrews,,,,,,,,No reliable branch-specific weekly schedule verified from the supplied website in this pass.
Goosecup Coffee & Bar,"216 S King St, Leesburg, VA 20175",http://goosecup.co/,07:00-20:00,,07:00-20:00,07:00-20:00,07:00-22:00,07:00-22:00,07:00-20:00,Tuesday conflicts: seasonal section says 07:00-15:00; homepage says 07:00-20:00. Tuesday left blank.
The Deli,"19350 Diamond Lake Dr, Leesburg, VA 20176",https://www.thedeli.com/,,,,,,,,No reliable branch-specific weekly schedule verified from the supplied website in this pass.
Gruto's Soft Serve,"141 W Main St, Purcellville, VA 20132",https://grutos.com/,,,,,,,,No reliable branch-specific weekly schedule verified from the supplied website in this pass.
Tipped Cow Creamery,"251 N 21st St, Purcellville, VA 20132",https://www.tippedcowcreamery.com/,,,,,,,,Official website only labels its schedule SPRING BREAK HOURS; not used as current October hours.
Fire Works Pizza,"201 Harrison Street, Leesburg, VA 20175",https://www.fireworkspizza.com/,,,,,,,,Official Leesburg site says open daily at 11:00 but does not publish a closing time.
American Legion Post 293,"112 N 21st St, Purcellville, VA 20132",https://www.vapost293.org/,,,,,,,,No reliable branch-specific weekly schedule verified from the supplied website in this pass.
Oak And Ember Tasting Room and Market,"39285 Little River Turnpike, Aldie, VA 20105",https://www.oakandemberr.com/,Closed,11:30-15:00,11:30-15:00; 17:00-20:30,11:30-15:00; 17:00-20:30,11:30-15:00; 17:00-21:30,11:30-15:00; 17:00-21:30,,"Sunday daytime text is incomplete (only 3:00 pm); Sunday left unknown, although dinner is listed 17:00-20:30. Ember Hour differs by page and is not used."
Magnolia's at The Mill,"198 N 21st St, Purcellville, VA 20132",https://www.magnoliasmill.com/,,,,,,,,No reliable branch-specific weekly schedule verified from the supplied website in this pass.
Ford's On The Road,"19308 Promenade Dr, Leesburg, VA 20176",https://fordsontheroad.com/,,,,,,,,No reliable branch-specific weekly schedule verified from the supplied website in this pass.
MooThru,"37098 Charles Town Pike, Hillsboro, VA 20132",https://www.facebook.com/Moothruhillsboro,,,,,,,,No reliable branch-specific weekly schedule verified from the supplied website in this pass.
La Selva Crepes & Coffee,"39359 Little River Turnpike, Aldie, VA 20105",https://www.laselvacoffeeco.com/menu,,,,,,,,No reliable branch-specific weekly schedule verified from the supplied website in this pass.
ResQ BBQ Trailer,"528 B E Market St, Leesburg, VA 20176",https://resq-bbq.com/,,,,,,,,No reliable branch-specific weekly schedule verified from the supplied website in this pass.
Five Guys,"1024 Seneca Rd Unit 2, Great Falls, VA 22066",http://www.fiveguys.com/,,,,,,,,No reliable branch-specific weekly schedule verified from the supplied website in this pass.
Popeyes Louisiana Kitchen,"12218 Leesburg Pike, Herndon, VA 20170",https://www.popeyes.com/,,,,,,,,No reliable branch-specific weekly schedule verified from the supplied website in this pass.
Popeyes Louisiana Kitchen,"20460 Heron Overlook Plz, Ashburn, VA 20147",https://www.popeyes.com/,,,,,,,,No reliable branch-specific weekly schedule verified from the supplied website in this pass.
Popeyes Louisiana Kitchen,"44061 Ashburn Shopping Plz, Ashburn, VA 20147",https://www.popeyes.com/,,,,,,,,No reliable branch-specific weekly schedule verified from the supplied website in this pass.
Popeyes Louisiana Kitchen,"515 E Market St, Leesburg, VA 20176",https://www.popeyes.com/,,,,,,,,No reliable branch-specific weekly schedule verified from the supplied website in this pass.
Popeyes Louisiana Kitchen,"44080 Pointe Plz, Chantilly, VA 20152",https://www.popeyes.com/,,,,,,,,No reliable branch-specific weekly schedule verified from the supplied website in this pass.
Popeyes Louisiana Kitchen,"520 Compass Pt Plz, Leesburg, VA 20175",https://www.popeyes.com/,,,,,,,,No reliable branch-specific weekly schedule verified from the supplied website in this pass.
Popeyes Louisiana Kitchen,"24431 Stone Springs Blvd, Sterling, VA 20166",https://www.popeyes.com/,,,,,,,,No reliable branch-specific weekly schedule verified from the supplied website in this pass.
Popeyes Louisiana Kitchen,"358 Elden St, Herndon, VA 20170",https://www.popeyes.com/,,,,,,,,No reliable branch-specific weekly schedule verified from the supplied website in this pass.
Popeyes Louisiana Kitchen,"11850 Sunrise Valley Dr, Reston, VA 20191",https://www.popeyes.com/,,,,,,,,No reliable branch-specific weekly schedule verified from the supplied website in this pass.
Popeyes Louisiana Kitchen,"3075 Centreville Rd, Herndon, VA 20171",https://www.popeyes.com/,,,,,,,,No reliable branch-specific weekly schedule verified from the supplied website in this pass.
Brookfield Dairy Farm Inc.,"18868 Harmony Church Road, Leesburg, VA 20175",https://www.brookfield-dairyfarm.com/,,,,,,,,Published weekend 12:00-17:00 schedule is associated with a second roadside address; source branch not verified.
Market Burger,"145 W Main St, Purcellville, VA 20132",https://marketburger.net/,,,,,,,,No reliable branch-specific weekly schedule verified from the supplied website in this pass.
Saffron Indian Cuisine,"43170 Southern Walk Plz, Ashburn, VA 20148",https://www.saffronva.com/,,,,,,,,"Dinner closing conflicts: main Working Hours says 22:00; footer/contact says midnight. Days remain unknown. Agreed lunch hours: weekdays 11:30-14:30, weekends 12:00-15:00."
Marigold Restaurant & Banquet Hall,"21015 Dulles Town Cir., Sterling, VA 20166",,,,,,,,,No reliable branch-specific weekly schedule verified from the supplied website in this pass.
Kobe Japanese Steak & Seafood House,"514 E Market St, Leesburg, VA 20176",https://kobejs.com/,,,,,,,,No reliable branch-specific weekly schedule verified from the supplied website in this pass.
OKADA Japanese Restaurant & Sushi Bar,"20357 Exchange St, Ashburn, VA 20147",https://okadajapaneserestaurant.com/,,,,,,,,No reliable branch-specific weekly schedule verified from the supplied website in this pass.
Oseyo Korean BBQ,"19286 Promenade Drive, Leesburg, VA 20176",https://www.oseyokbbq.com/,,,,,,,,No reliable branch-specific weekly schedule verified from the supplied website in this pass.
Chi Mc,"21950 Cascades Parkway, Sterling, VA 20164",https://chimcusa.com/,,,,,,,,No reliable branch-specific weekly schedule verified from the supplied website in this pass.
GogiGoGo,"42780 Creek View Plz 120, Ashburn, VA 20147",https://thegogigogo.com/,,,,,,,,No reliable branch-specific weekly schedule verified from the supplied website in this pass.
Mama Lucci's,"302 Industrial Court Southeast, Leesburg, VA 20175",http://mamaluccis.com/,,,,,,,,No reliable branch-specific weekly schedule verified from the supplied website in this pass.
Nick's Taverna,"42395 Ryan Rd, Ashburn, VA 20148",https://www.nickstaverna.com/,,,,,,,12:00-21:00,Homepage and hour-location page conflict on Monday-Saturday; these days remain unknown. Sunday agrees at 12:00-21:00.
Parrando's Tex-Mex Grill,"42830 Creek View Plaza #100 Ashburn, VA 20147",https://www.parrandos.com/,,,,,,,,Ashburn hours conflict between branch page and locations page; no schedule selected.
Casa De Avila Tacos,"2C Loudoun St, Leesburg, VA 20175",https://casadeavilatacos.com/,,,,,,,,No reliable branch-specific weekly schedule verified from the supplied website in this pass.
Fire Works Pizza,"201 Harrison Street SE, Leesburg, VA 20175",https://www.fireworkspizza.com/,,,,,,,,Official Leesburg site says open daily at 11:00 but does not publish a closing time.
900 Degrees Brick Oven Pizza,"609 E Main St, Purcellville, VA 20132",https://900brickovenpizza.com/,,,,,,,,No reliable branch-specific weekly schedule verified from the supplied website in this pass.
Pizza Twist Ashburn,"20691 Ashburn Road, Suite 160, Ashburn, VA 20147",https://order.online/store/ChicagosPizzaWithATwistAshburnVA-24846652/?_gl=1%2Ahuy3lc%2A_gcl_au%2AMTU2NTE4MjM2MC4xNzQyOTM3MzAz&hideModal=true&pickup=true,,,,,,,,No reliable branch-specific weekly schedule verified from the supplied website in this pass.
Filling Co. Gas & Grub,"20050 Ashbrook Commons Plz, Ashburn, VA 20147",http://www.fillingco.com/,,,,,,,,No reliable branch-specific weekly schedule verified from the supplied website in this pass.
Ford's Fish Shack,"44260 Ice Rink Plaza Suite 101, Ashburn, VA 20147",https://fordsfishshack.com/,,,,,,,,No reliable branch-specific weekly schedule verified from the supplied website in this pass.
King Street Oyster Bar ,"12 S King St, Leesburg, VA 20175",http://www.kingstreetoysterbar.com/,,,,,,,,No reliable branch-specific weekly schedule verified from the supplied website in this pass.
King Street Oyster Bar - Middleburg,"1 E Washington St, Middleburg, VA 20117",http://www.kingstreetoysterbar.com/,,,,,,,,No reliable branch-specific weekly schedule verified from the supplied website in this pass.
D.C. Prime,"20120 Lakeview Center Plz, Ashburn, VA 20147",https://dcprimesteaks.com/,,,,,,,,Official site gives daily opening at 16:00 but no closing time; daily intervals left blank.
Finn Thai Ashburn,"44795 Dulles Overlook Drive Ashburn, VA 20147",https://www.finnthai.com/,,,,,,,,No reliable branch-specific weekly schedule verified from the supplied website in this pass.
Finn Thai Reston,"1466 North Point Village Center, Reston, VA 20194",https://www.finnthai.com/,,,,,,,,No reliable branch-specific weekly schedule verified from the supplied website in this pass.
Finn Thai Great Falls,"752a Walker Rd, Great Falls, VA 22066",https://www.finnthai.com/,,,,,,,,No reliable branch-specific weekly schedule verified from the supplied website in this pass.
Finn Thai Restaurant & Bar,"126 N Maple Ave, Purcellville, VA 20132",https://www.finnthai.com/,,,,,,,,No reliable branch-specific weekly schedule verified from the supplied website in this pass.
Sense of Thai St.,"20413 Exchange St, Ashburn, VA 20147",https://www.senseofthai.com/,,,,,,,,No reliable branch-specific weekly schedule verified from the supplied website in this pass.
My Home Thai Bistro,"19890 Belmont Chase Dr, Ashburn, VA 20147",http://myhomethaibistro.com/,,,,,,,,No reliable branch-specific weekly schedule verified from the supplied website in this pass.
My Thai Place,"42385 Ryan Rd Ste 104, Brambleton, VA 20148",https://www.mythaiplace.com/,,,,,,,,No reliable branch-specific weekly schedule verified from the supplied website in this pass.
Pho Royal - Leesburg,"542 Fort Evans Rd, Leesburg, VA 20176",,,,,,,,,No reliable branch-specific weekly schedule verified from the supplied website in this pass.
Viet Fire Kitchen,"44650 Waxpool Rd Ste 125, Ashburn, VA 20147",https://order.toasttab.com/online/viet-fire-kitchen,,,,,,,,No reliable branch-specific weekly schedule verified from the supplied website in this pass.
Pho Bar,"19385 Promenade Dr, Leesburg, VA 20176",https://phobarva.net/,,,,,,,,No reliable branch-specific weekly schedule verified from the supplied website in this pass.
Buffalo Wing Factory - Sterling,"22034 Shaw Rd, Sterling, VA 20164",https://www.buffalowingfactory.com/,,,,,,,,No reliable branch-specific weekly schedule verified from the supplied website in this pass.
Buffalo Wing Factory -Ashburn,"43761 Parkhurst Plaza Suite 100, Ashburn, VA 20147",https://www.buffalowingfactory.com/,,,,,,,,No reliable branch-specific weekly schedule verified from the supplied website in this pass.
Buffalo Wing Factory - Leesburg,"565 Compass Pt Plz Suite 100, Leesburg, VA 20175",https://www.buffalowingfactory.com/,,,,,,,,No reliable branch-specific weekly schedule verified from the supplied website in this pass.
Lark Brewing Co.,"24205 James Monroe Highway, Aldie, VA 20105",https://www.larkbrewingco.com/,,,,,11:00-22:00,11:00-22:00,11:00-20:00,Monday-Thursday closing conflicts on the same official page (20:00 versus 21:00); these days blank. Private reservations may cause early closures.
